id,block,coor,class,type,sub_ver,front_ver,sub_arc,front_arc,pair_id
0,[0],"[110.26626, 20.022994]",0,红绿灯,"[36, 177]","[65, 181]","[0, 192]","[38, 205]",[0]
1,"[0, 1]","[110.282595, 20.019632]",0,红绿灯,"[37, 65, 183]","[35, 64, 198]","[3, 37, 206]","[2, 36, 229]",[1]
2,"[1, 2]","[110.294359, 20.021103]",0,红绿灯,"[46, 64, 199]","[39, 63, 210]","[8, 35, 230]","[7, 34, 249]",[2]
3,"[2, 4]","[110.323359, 20.034797]",0,红绿灯,"[53, 60, 212]","[41, 59, 227]","[17, 30, 250]","[16, 29, 279]",[3]
4,"[4, 6]","[110.359848, 20.048827]",0,红绿灯,"[58, 233, 255]","[57, 246, 12]","[27, 280, 313]","[26, 309, 339]",[4]
5,"[0, 7]","[110.266378, 20.011587]",0,红绿灯,"[66, 29, 182]","[102, 177, 29]","[39, 194, 203]","[90, 193, 202]",[5]
6,"[0, 1, 9, 7]","[110.281334, 20.013397]",0,红绿灯,"[70, 101, 184, 198]","[67, 100, 183, 196]","[42, 87, 208, 228]","[41, 86, 207, 227]",[6]
7,"[1, 2, 11, 9]","[110.29438, 20.01319]",0,红绿灯,"[72, 100, 201, 210]","[68, 99, 199, 207]","[46, 85, 232, 248]","[45, 84, 231, 247]",[7]
8,"[2, 3, 13]","[110.324341, 20.016986]",0,红绿灯,"[10, 94, 104]","[76, 10, 123]","[54, 77, 91]","[53, 76, 114]",[8]
9,"[2, 3, 4, 5]","[110.332714, 20.022867]",0,红绿灯,"[108, 123, 10, 225]","[104, 113, 213, 10]","[93, 113, 255, 273]","[92, 112, 254, 272]",[9]
10,"[13, 3, 5, 14]","[110.335134, 20.01749]",0,红绿灯,"[79, 8, 215, 9, 520, 535]","[8, 92, 9, 224, 520, 535]","[55, 76, 256, 272, 1728, 1729]","[54, 75, 255, 271, 1727, 1730]",[10]
11,"[4, 5, 6, 14, 15]","[110.365325, 20.016607]",0,红绿灯,"[81, 87, 122, 236, 245]","[77, 84, 111, 234, 244]","[60, 66, 101, 285, 301]","[59, 65, 100, 284, 300]",[11]
12,"[6, 15]","[110.383344, 20.016547]",0,红绿灯,"[83, 263, 4]","[82, 259, 272]","[63, 322, 339]","[62, 321, 338]",[12]
13,"[8, 16]","[110.266416, 19.996082]",0,红绿灯,"[124, 178, 29]","[14, 29, 179]","[115, 196, 201]","[154, 195, 200]",[13]
14,"[8, 17, 10, 16]","[110.279773, 19.996057]",0,红绿灯,"[125, 13, 190, 30]","[124, 151, 187, 194]","[117, 154, 215, 224]","[116, 153, 214, 223]",[14]
15,"[17, 18, 10, 12]","[110.29438, 19.995668]",0,红绿灯,"[127, 149, 202, 206]","[126, 148, 31, 204]","[120, 150, 236, 242]","[119, 149, 235, 241]",[15]
16,"[18, 19, 13, 14]","[110.340428, 19.99961]",0,红绿灯,"[134, 147, 219, 224]","[130, 141, 217, 223]","[127, 142, 261, 270]","[126, 141, 260, 269]",[16]
17,"[19, 21, 14, 15]","[110.358222, 20.006471]",0,红绿灯,"[136, 140, 239, 244]","[133, 138, 235, 243]","[132, 138, 288, 299]","[131, 137, 287, 298]",[17]
18,"[21, 15]","[110.376247, 20.006511]",0,红绿灯,"[139, 264, 272]","[137, 262, 271]","[135, 325, 337]","[134, 324, 336]",[18]
19,[16],"[110.266405, 19.979793]",0,红绿灯,"[152, 180]","[176, 178]","[155, 198]","[191, 197]",[19]
20,"[16, 17]","[110.275894, 19.977928]",0,红绿灯,"[153, 176, 193]","[152, 174, 191]","[157, 190, 219]","[156, 189, 218]",[20]
21,"[17, 18]","[110.294364, 19.975997]",0,红绿灯,"[154, 175, 205]","[153, 171, 203]","[159, 186, 239]","[158, 185, 238]",[21]
22,"[18, 20]","[110.342783, 19.978644]",0,红绿灯,"[159, 172, 220]","[158, 164, 27]","[165, 179, 264]","[164, 178, 263]",[22]
23,"[20, 22]","[110.371853, 19.978346]",0,红绿灯,"[25, 166, 26]","[160, 25, 26]","[168, 175, 293]","[167, 174, 292]",[23]
24,[23],"[110.38917, 19.983973]",0,红绿灯,"[163, 270]","[161, 269]","[171, 333]","[170, 332]",[24]
25,"[22, 23]","[110.381155, 19.979035]",0,红绿灯,"[161, 23, 26]","[23, 162, 253]","[169, 174, 312]","[168, 173, 311]",[25]
26,"[19, 20, 21, 22, 23]","[110.371569, 19.98945]",0,红绿灯,"[23, 241, 253, 278, 280]","[237, 23, 25, 275, 279]","[292, 294, 310, 346, 350]","[291, 293, 312, 345, 349]",[26]
27,"[18, 19, 20]","[110.341915, 19.985881]",0,红绿灯,"[22, 221, 276, 710]","[219, 220, 282, 710]","[263, 266, 340, 1718]","[262, 265, 354, 1717]",[27]
28,"[21, 23]","[110.381263, 19.99493]",0,红绿灯,"[268, 271, 279]","[265, 270, 278]","[330, 335, 348]","[329, 334, 347]",[28]
29,"[8, 7]","[110.266386, 20.003257]",0,红绿灯,"[13, 5, 284]","[5, 13, 294]","[195, 202, 355]","[194, 201, 371]",[29]
30,"[8, 9, 10, 7]","[110.280666, 20.001891]",0,红绿灯,"[188, 197, 286, 294]","[185, 14, 284, 293]","[212, 225, 357, 370]","[211, 224, 356, 369]",[30]
31,"[9, 10, 11, 12]","[110.294393, 20.001245]",0,红绿灯,"[15, 208, 287, 292]","[200, 206, 285, 289]","[235, 244, 360, 367]","[234, 243, 359, 366]",[31]
32,"[11, 12, 13]","[110.305812, 20.001294]",0,红绿灯,"[291, 296, 298]","[288, 295, 297]","[363, 374, 378]","[362, 373, 377]",[32]
33,"[2, 11, 13]","[110.306853, 20.016164]",0,红绿灯,"[75, 98, 295]","[71, 95, 299]","[49, 81, 372]","[48, 80, 380]",[33]
34,"[18, 12, 13]","[110.30497, 19.99469]",0,红绿灯,"[128, 148, 297]","[127, 145, 296]","[122, 148, 376]","[121, 147, 375]",[34]
35,[0],"[110.2804800151605, 20.020020865179497]",0,红绿灯,"[1, 433]","[36, 433]","[2, 703]","[1, 704]",[35]
36,[0],"[110.27231719605783, 20.022144165451927]",0,红绿灯,"[35, 446, 65]","[0, 446, 65]","[1, 752, 1815]","[0, 751, 1830]","[65, 36]"
37,[1],"[110.28409131671577, 20.01908050813756]",0,红绿灯,"[38, 444]","[1, 444]","[4, 738]","[3, 737]",[37]
38,[1],"[110.28771244411568, 20.018779992651556]",0,红绿灯,"[40, 451]","[37, 451]","[5, 761]","[4, 762]",[38]
39,[1],"[110.29136730000006, 20.020287652434476]",0,红绿灯,"[2, 448]","[40, 448]","[7, 768]","[6, 767]",[39]
40,[1],"[110.288923, 20.019325]",0,红绿灯,"[39, 64]","[38, 64]","[6, 1816]","[5, 1829]","[64, 40]"
41,[2],"[110.31911140651316, 20.032242338558664]",0,红绿灯,"[3, 324]","[48, 324]","[16, 440]","[15, 439]",[41]
42,[2],"[110.30505180000007, 20.024392302439058]",0,红绿灯,"[47, 471, 62]","[43, 471, 62]","[12, 819, 1817]","[11, 820, 1827]","[62, 42]"
43,[2],"[110.30255950000004, 20.02332917307694]",0,红绿灯,"[42, 476]","[44, 476]","[11, 838]","[10, 837]",[43]
44,[2],"[110.29992554975485, 20.022424343084424]",0,红绿灯,"[43, 477, 63]","[46, 477, 63]","[10, 842, 1818]","[9, 841, 1828]","[63, 44]"
45,[2],"[110.31200230000003, 20.02794293792137]",0,红绿灯,"[48, 316, 61]","[47, 316, 61]","[14, 843, 1819]","[13, 844, 1826]","[61, 45]"
46,[2],"[110.297677, 20.021888086592178]",0,红绿灯,"[44, 478]","[2, 478]","[9, 1141]","[8, 1142]",[46]
47,[2],"[110.30953220000005, 20.026484370899496]",0,红绿灯,"[45, 479]","[42, 479]","[13, 1158]","[12, 1157]",[47]
48,[2],"[110.31522914659693, 20.030150200000048]",0,红绿灯,"[41, 480, 60]","[45, 480, 60]","[15, 1420, 1820]","[14, 1419, 1825]","[60, 48]"
49,[4],"[110.35234824040529, 20.04646735253989]",0,红绿灯,"[57, 328]","[51, 328]","[25, 441]","[24, 442]",[49]
50,[4],"[110.33659920291144, 20.042903847572266]",0,红绿灯,"[56, 356, 59]","[54, 356, 59]","[21, 506, 1821]","[20, 505, 1824]","[59, 50]"
51,[4],"[110.35231355359674, 20.0464601312648]",0,红绿灯,"[49, 371]","[55, 371]","[24, 564]","[23, 563]",[51]
52,[4],"[110.32488484293951, 20.035828500000047]",0,红绿灯,"[54, 420]","[53, 420]","[19, 683]","[18, 684]",[52]
53,[4],"[110.32449590000006, 20.03540729070801]",0,红绿灯,"[52, 437]","[3, 437]","[18, 860]","[17, 859]",[53]
54,[4],"[110.32706495200006, 20.03936520000003]",0,红绿灯,"[50, 483]","[52, 483]","[20, 882]","[19, 881]",[54]
55,[4],"[110.3480559275015, 20.045449589110458]",0,红绿灯,"[51, 373, 58]","[56, 373, 58]","[23, 888, 1822]","[22, 887, 1823]","[58, 55]"
56,[4],"[110.345303, 20.044926476923077]",0,红绿灯,"[55, 377]","[50, 377]","[22, 924]","[21, 923]",[56]
57,[4],"[110.35491240000006, 20.047079738579676]",0,红绿灯,"[4, 328]","[49, 328]","[26, 1140]","[25, 1139]",[57]
58,[4],"[110.348028, 20.04555043359375]",0,红绿灯,"[59, 55]","[4, 55]","[28, 1823]","[27, 1822]","[58, 55]"
59,[4],"[110.336592, 20.043089608391607]",0,红绿灯,"[3, 50]","[58, 50]","[29, 1824]","[28, 1821]","[59, 50]"
60,[2],"[110.315225, 20.030363824582334]",0,红绿灯,"[61, 48]","[3, 48]","[31, 1825]","[30, 1820]","[60, 48]"
61,[2],"[110.311985, 20.02815707826087]",0,红绿灯,"[62, 45]","[60, 45]","[32, 1826]","[31, 1819]","[61, 45]"
62,[2],"[110.305033, 20.024585229445506]",0,红绿灯,"[63, 42]","[61, 42]","[33, 1827]","[32, 1817]","[62, 42]"
63,[2],"[110.29991, 20.02260713138686]",0,红绿灯,"[2, 44]","[62, 44]","[34, 1828]","[33, 1818]","[63, 44]"
64,[1],"[110.288923, 20.019534042105263]",0,红绿灯,"[1, 40]","[2, 40]","[36, 1829]","[35, 1816]","[64, 40]"
65,[0],"[110.27232, 20.02228974052133]",0,红绿灯,"[0, 36]","[1, 36]","[38, 1830]","[37, 1815]","[65, 36]"
66,"[0, 7]","[110.27102959511753, 20.0120881322996]",0,红绿灯,"[67, 703]","[5, 703]","[40, 1641]","[39, 1642]",[66]
67,"[0, 7]","[110.275019, 20.012856889972145]",0,红绿灯,"[6, 103]","[66, 103]","[41, 1831]","[40, 1852]","[103, 67]"
68,"[1, 9]","[110.29107870000009, 20.013035288752707]",0,红绿灯,"[7, 470]","[69, 470]","[45, 818]","[44, 817]",[68]
69,"[1, 9]","[110.2878768755615, 20.012974990074188]",0,红绿灯,"[68, 348]","[70, 348]","[44, 1136]","[43, 1135]",[69]
70,"[1, 9]","[110.285206, 20.013480364653244]",0,红绿灯,"[69, 100]","[6, 100]","[43, 1832]","[42, 1851]","[100, 70]"
71,"[2, 11]","[110.30203774855131, 20.015020473235623]",0,红绿灯,"[33, 454, 97]","[72, 454, 97]","[48, 797, 1833]","[47, 798, 1850]","[97, 71]"
72,"[2, 11]","[110.29880370000008, 20.014009160784337]",0,红绿灯,"[71, 455]","[7, 455]","[47, 812]","[46, 811]",[72]
73,"[2, 13]","[110.32065607034802, 20.016156522489005]",0,红绿灯,"[76, 302, 96]","[74, 302, 96]","[52, 386, 1834]","[51, 385, 1849]","[96, 73]"
74,"[2, 13]","[110.3160799903472, 20.017064142114172]",0,红绿灯,"[73, 669, 95]","[75, 669, 95]","[51, 1477, 1835]","[50, 1478, 1848]","[95, 74]"
75,"[2, 13]","[110.30949162536007, 20.01641968749369]",0,红绿灯,"[74, 299]","[33, 299]","[50, 1802]","[49, 1801]",[75]
76,"[2, 13]","[110.32303165108512, 20.01641067445341]",0,红绿灯,"[8, 302, 94]","[73, 302, 94]","[53, 1804, 1836]","[52, 1803, 1847]","[94, 76]"
77,"[5, 14]","[110.35189255956362, 20.016936]",0,红绿灯,"[11, 526, 91]","[80, 526, 91]","[59, 996, 1837]","[58, 995, 1844]","[91, 77]"
78,"[5, 14]","[110.34338451190219, 20.017156283948985]",0,红绿灯,"[80, 683, 88]","[79, 683, 88]","[57, 1524, 1838]","[56, 1523, 1843]","[88, 78]"
79,"[5, 14]","[110.33828390000004, 20.017342755089057]",0,红绿灯,"[78, 683, 92]","[10, 683, 92]","[56, 1634, 1839]","[55, 1633, 1845]","[92, 79]"
80,"[5, 14]","[110.34607025058123, 20.0170870837539]",0,红绿灯,"[77, 700, 93]","[78, 700, 93]","[58, 1772, 1840]","[57, 1771, 1846]","[93, 80]"
81,"[6, 15]","[110.37025610000008, 20.01647185414013]",0,红绿灯,"[82, 594]","[11, 594]","[61, 1183]","[60, 1184]",[81]
82,"[6, 15]","[110.37399710000007, 20.016458]",0,红绿灯,"[12, 595, 84]","[81, 595, 84]","[62, 1190, 1841]","[61, 1189, 1842]","[84, 82]"
83,"[6, 15]","[110.37840173441242, 20.01665621923286]",0,红绿灯,"[84, 395]","[12, 395]","[64, 616]","[63, 615]",[83]
84,"[6, 15]","[110.3739963542672, 20.016655321483224]",0,红绿灯,"[11, 394, 82]","[83, 394, 82]","[65, 622, 1842]","[64, 621, 1841]","[84, 82]"
85,"[5, 14]","[110.341085, 20.01741559956116]",0,红绿灯,"[92, 339]","[88, 339]","[74, 989]","[73, 990]",[85]
86,"[5, 14]","[110.35625069450005, 20.016983474383196]",0,红绿灯,"[89, 528]","[90, 528]","[69, 1002]","[68, 1001]",[86]
87,"[5, 14]","[110.361307, 20.016850542503864]",0,红绿灯,"[90, 613]","[11, 613]","[67, 1242]","[66, 1241]",[87]
88,"[5, 14]","[110.34332350000007, 20.017361261760243]",0,红绿灯,"[85, 341, 78]","[93, 341, 78]","[73, 1350, 1843]","[72, 1349, 1838]","[88, 78]"
89,"[5, 14]","[110.35408830000007, 20.017055871653543]",0,红绿灯,"[91, 611]","[86, 611]","[70, 1356]","[69, 1355]",[89]
90,"[5, 14]","[110.35849000000003, 20.016917228882832]",0,红绿灯,"[86, 612]","[87, 612]","[68, 1357]","[67, 1358]",[90]
91,"[5, 14]","[110.35182960094858, 20.017141924525742]",0,红绿灯,"[93, 340, 77]","[89, 340, 77]","[71, 1621, 1844]","[70, 1622, 1837]","[91, 77]"
92,"[5, 14]","[110.338304, 20.01746093824228]",0,红绿灯,"[10, 342, 79]","[85, 342, 79]","[75, 1635, 1845]","[74, 1636, 1839]","[92, 79]"
93,"[5, 14]","[110.3460701543043, 20.017307144866923]",0,红绿灯,"[88, 343, 80]","[91, 343, 80]","[72, 1773, 1846]","[71, 1774, 1840]","[93, 80]"
94,"[2, 13]","[110.3230368828856, 20.016529911912667]",0,红绿灯,"[96, 653, 76]","[8, 653, 76]","[78, 1421, 1847]","[77, 1422, 1836]","[94, 76]"
95,"[2, 13]","[110.316068, 20.017178868312758]",0,红绿灯,"[33, 74]","[96, 74]","[80, 1848]","[79, 1835]","[95, 74]"
96,"[2, 13]","[110.32066, 20.016267384615386]",0,红绿灯,"[95, 73]","[94, 73]","[79, 1849]","[78, 1834]","[96, 73]"
97,"[2, 11]","[110.30192240000004, 20.01509884808291]",0,红绿灯,"[99, 349, 71]","[98, 349, 71]","[83, 488, 1850]","[82, 487, 1833]","[97, 71]"
98,"[2, 11]","[110.302703, 20.015342330569947]",0,红绿灯,"[97, 581]","[33, 581]","[82, 1704]","[81, 1703]",[98]
99,"[2, 11]","[110.295263, 20.01328340715373]",0,红绿灯,"[7, 475]","[97, 475]","[84, 1716]","[83, 1715]",[99]
100,"[1, 9]","[110.285206, 20.013591929411767]",0,红绿灯,"[6, 70]","[7, 70]","[86, 1851]","[85, 1832]","[100, 70]"
101,"[0, 7]","[110.28023, 20.013330809187277]",0,红绿灯,"[103, 434]","[6, 434]","[88, 746]","[87, 745]",[101]
102,"[0, 7]","[110.26915420000007, 20.01204080276499]",0,红绿灯,"[5, 701]","[103, 701]","[90, 1640]","[89, 1639]",[102]
103,"[0, 7]","[110.275019, 20.01295750673989]",0,红绿灯,"[102, 67]","[101, 67]","[89, 1852]","[88, 1831]","[103, 67]"
104,"[2, 3]","[110.327269, 20.01922696160267]",0,红绿灯,"[9, 123]","[8, 123]","[92, 1853]","[91, 1858]","[123, 104]"
105,"[4, 5]","[110.34254918723411, 20.030471800000054]",0,红绿灯,"[106, 318]","[109, 318]","[96, 422]","[95, 421]",[105]
106,"[4, 5]","[110.34571850000005, 20.032990556701066]",0,红绿灯,"[110, 318]","[105, 318]","[97, 450]","[96, 449]",[106]
107,"[4, 5]","[110.35958193536405, 20.026339061224906]",0,红绿灯,"[111, 338, 122]","[110, 338, 122]","[99, 466, 1854]","[98, 465, 1857]","[122, 107]"
108,"[4, 5]","[110.33962670000007, 20.02744786118428]",0,红绿灯,"[109, 381]","[9, 381]","[94, 584]","[93, 583]",[108]
109,"[4, 5]","[110.34174589189196, 20.029768000000058]",0,红绿灯,"[105, 541]","[108, 541]","[95, 1044]","[94, 1043]",[109]
110,"[4, 5]","[110.35116898479642, 20.032018845207592]",0,红绿灯,"[107, 331, 116]","[106, 331, 116]","[98, 1401, 1855]","[97, 1402, 1856]","[116, 110]"
111,"[4, 5]","[110.36340341258737, 20.020530000000075]",0,红绿灯,"[11, 613]","[107, 613]","[100, 1648]","[99, 1647]",[111]
112,"[4, 5]","[110.33974649464606, 20.030014083079926]",0,红绿灯,"[121, 308]","[120, 308]","[110, 398]","[109, 397]",[112]
113,"[4, 5]","[110.33800192596445, 20.02590090747521]",0,红绿灯,"[9, 310]","[121, 310]","[112, 399]","[111, 400]",[113]
114,"[4, 5]","[110.347752, 20.033523009744215]",0,红绿灯,"[115, 317]","[119, 317]","[107, 417]","[106, 418]",[114]
115,"[4, 5]","[110.34022610000007, 20.0321492333333]",0,红绿灯,"[120, 334]","[114, 334]","[108, 460]","[107, 459]",[115]
116,"[4, 5]","[110.35127570000004, 20.032070963938605]",0,红绿灯,"[119, 368, 110]","[117, 368, 110]","[105, 531, 1856]","[104, 532, 1855]","[116, 110]"
117,"[4, 5]","[110.35505300000007, 20.030288979310292]",0,红绿灯,"[116, 490]","[118, 490]","[104, 896]","[103, 895]",[117]
118,"[4, 5]","[110.35743720000006, 20.028508090789423]",0,红绿灯,"[117, 491]","[122, 491]","[103, 897]","[102, 898]",[118]
119,"[4, 5]","[110.34925730000005, 20.032871433714995]",0,红绿灯,"[114, 495]","[116, 495]","[106, 919]","[105, 920]",[119]
120,"[4, 5]","[110.33992370546613, 20.03135124193383]",0,红绿灯,"[112, 311]","[115, 311]","[109, 1253]","[108, 1254]",[120]
121,"[4, 5]","[110.3396255244427, 20.029184254204015]",0,红绿灯,"[113, 312]","[112, 312]","[111, 1426]","[110, 1425]",[121]
122,"[4, 5]","[110.35968748787876, 20.02640630000003]",0,红绿灯,"[118, 488, 107]","[11, 488, 107]","[102, 1793, 1857]","[101, 1794, 1854]","[122, 107]"
123,"[2, 3]","[110.32727994396778, 20.01941678424014]",0,红绿灯,"[8, 301, 104]","[9, 301, 104]","[114, 381, 1858]","[113, 382, 1853]","[123, 104]"
124,"[8, 16]","[110.27242686996208, 19.996010880914817]",0,红绿灯,"[14, 626]","[13, 626]","[116, 1289]","[115, 1290]",[124]
125,"[17, 10]","[110.28195029898332, 19.995954413929717]",0,红绿灯,"[126, 630]","[14, 630]","[118, 1664]","[117, 1663]",[125]
126,"[17, 10]","[110.28486305459973, 19.99586388030548]",0,红绿灯,"[15, 631, 151]","[125, 631, 151]","[119, 1742, 1859]","[118, 1741, 1872]","[151, 126]"
127,"[18, 12]","[110.30456893487566, 19.994637233616007]",0,红绿灯,"[34, 570]","[15, 570]","[121, 1119]","[120, 1120]",[127]
128,"[18, 13]","[110.31380500000007, 19.995178391478028]",0,红绿灯,"[129, 543, 145]","[34, 543, 145]","[123, 1049, 1860]","[122, 1050, 1870]","[145, 128]"
129,"[18, 13]","[110.32059184964686, 19.99519281918079]",0,红绿灯,"[131, 558, 146]","[128, 558, 146]","[124, 1084, 1861]","[123, 1083, 1871]","[146, 129]"
130,"[18, 13]","[110.33372387339692, 19.996749090615573]",0,红绿灯,"[16, 643]","[131, 643]","[126, 1368]","[125, 1367]",[130]
131,"[18, 13]","[110.32885363891033, 19.99522143346303]",0,红绿灯,"[130, 644, 144]","[129, 644, 144]","[125, 1481, 1862]","[124, 1482, 1869]","[144, 131]"
132,"[19, 14]","[110.34981237182423, 20.00448002482163]",0,红绿灯,"[133, 532, 142]","[135, 532, 142]","[130, 1020, 1863]","[129, 1019, 1868]","[142, 132]"
133,"[19, 14]","[110.35438614002459, 20.005566915863657]",0,红绿灯,"[17, 352]","[132, 352]","[131, 1244]","[130, 1243]",[133]
134,"[19, 14]","[110.34378256462523, 20.00116883907652]",0,红绿灯,"[135, 614]","[16, 614]","[128, 1245]","[127, 1246]",[134]
135,"[19, 14]","[110.346066, 20.002300486666662]",0,红绿灯,"[132, 141]","[134, 141]","[129, 1864]","[128, 1867]","[141, 135]"
136,"[21, 15]","[110.36666682402509, 20.00608594609871]",0,红绿灯,"[137, 615, 139]","[17, 615, 139]","[133, 1762, 1865]","[132, 1761, 1866]","[139, 136]"
137,"[21, 15]","[110.3690702809465, 20.00616838959408]",0,红绿灯,"[18, 616]","[136, 616]","[134, 1768]","[133, 1767]",[137]
138,"[21, 15]","[110.36151229741621, 20.006329468188195]",0,红绿灯,"[17, 584]","[139, 584]","[137, 1164]","[136, 1163]",[138]
139,"[21, 15]","[110.36666780000003, 20.006224973245033]",0,红绿灯,"[138, 586, 136]","[18, 586, 136]","[136, 1757, 1866]","[135, 1758, 1865]","[139, 136]"
140,"[19, 14]","[110.3538672792023, 20.005613928797192]",0,红绿灯,"[142, 336]","[17, 336]","[139, 461]","[138, 462]",[140]
141,"[19, 14]","[110.34606762969227, 20.00248384603439]",0,红绿灯,"[16, 682, 135]","[142, 682, 135]","[141, 1519, 1867]","[140, 1520, 1864]","[141, 135]"
142,"[19, 14]","[110.349805, 20.00464774871795]",0,红绿灯,"[141, 132]","[140, 132]","[140, 1868]","[139, 1863]","[142, 132]"
143,"[18, 13]","[110.32467180000005, 19.995382]",0,红绿灯,"[146, 544]","[144, 544]","[145, 1168]","[144, 1167]",[143]
144,"[18, 13]","[110.32882466929158, 19.995400779264468]",0,红绿灯,"[143, 587, 131]","[147, 587, 131]","[144, 1264, 1869]","[143, 1263, 1862]","[144, 131]"
145,"[18, 13]","[110.31378149062908, 19.995361455717383]",0,红绿灯,"[34, 545, 128]","[146, 545, 128]","[147, 1334, 1870]","[146, 1333, 1860]","[145, 128]"
146,"[18, 13]","[110.32059100000005, 19.995385702755907]",0,红绿灯,"[145, 546, 129]","[143, 546, 129]","[146, 1453, 1871]","[145, 1454, 1861]","[146, 129]"
147,"[18, 13]","[110.33651963801061, 19.998033589280322]",0,红绿灯,"[144, 673]","[16, 673]","[143, 1814]","[142, 1813]",[147]
148,"[18, 12]","[110.29900450000004, 19.995344965825446]",0,红绿灯,"[15, 640]","[34, 640]","[149, 1341]","[148, 1342]",[148]
149,"[17, 10]","[110.28948650000008, 19.995914761524823]",0,红绿灯,"[150, 632]","[15, 632]","[151, 1320]","[150, 1319]",[149]
150,"[17, 10]","[110.28671620000007, 19.9959893875]",0,红绿灯,"[151, 633]","[149, 633]","[152, 1322]","[151, 1321]",[150]
151,"[17, 10]","[110.28487432663036, 19.996046324403377]",0,红绿灯,"[14, 634, 126]","[150, 634, 126]","[153, 1743, 1872]","[152, 1744, 1859]","[151, 126]"
152,[16],"[110.271537, 19.979280739495803]",0,红绿灯,"[20, 176]","[19, 176]","[156, 1873]","[155, 1892]","[176, 152]"
153,[17],"[110.28549, 19.975881669527897]",0,红绿灯,"[21, 173]","[20, 173]","[158, 1874]","[157, 1891]","[173, 153]"
154,[18],"[110.304389, 19.975868]",0,红绿灯,"[155, 167]","[21, 167]","[160, 1875]","[159, 1886]","[167, 154]"
155,[18],"[110.314791, 19.975938]",0,红绿灯,"[156, 169]","[154, 169]","[161, 1876]","[160, 1888]","[169, 155]"
156,[18],"[110.323427, 19.97599140699523]",0,红绿灯,"[157, 168]","[155, 168]","[162, 1877]","[161, 1887]","[168, 156]"
157,[18],"[110.332102, 19.977322179874214]",0,红绿灯,"[158, 170]","[156, 170]","[163, 1878]","[162, 1889]","[170, 157]"
158,[18],"[110.336731, 19.97806201020408]",0,红绿灯,"[22, 172]","[157, 172]","[164, 1879]","[163, 1890]","[172, 158]"
159,[20],"[110.36211, 19.9782387695962]",0,红绿灯,"[160, 164]","[22, 164]","[166, 1880]","[165, 1884]","[164, 159]"
160,[20],"[110.366756, 19.978235144674088]",0,红绿灯,"[23, 166]","[159, 166]","[167, 1881]","[166, 1885]","[166, 160]"
161,[23],"[110.385268, 19.981101269662922]",0,红绿灯,"[24, 162]","[25, 162]","[170, 1882]","[169, 1883]","[162, 161]"
162,[23],"[110.38526679478797, 19.98132513162902]",0,红绿灯,"[25, 515, 161]","[163, 515, 161]","[173, 972, 1883]","[172, 971, 1882]","[162, 161]"
163,[23],"[110.38733931343397, 19.98261675214268]",0,红绿灯,"[162, 628]","[24, 628]","[172, 1302]","[171, 1301]",[163]
164,[20],"[110.3621172584568, 19.97847027865965]",0,红绿灯,"[22, 332, 159]","[165, 332, 159]","[178, 451, 1884]","[177, 452, 1880]","[164, 159]"
165,[20],"[110.36580602465796, 19.978460112526708]",0,红绿灯,"[164, 332]","[166, 332]","[177, 1220]","[176, 1219]",[165]
166,[20],"[110.36676761641566, 19.978461131774836]",0,红绿灯,"[165, 658, 160]","[23, 658, 160]","[176, 1437, 1885]","[175, 1438, 1881]","[166, 160]"
167,[18],"[110.30438626538646, 19.976098]",0,红绿灯,"[171, 508, 154]","[169, 508, 154]","[184, 954, 1886]","[183, 953, 1875]","[167, 154]"
168,[18],"[110.32342258852907, 19.97617893922704]",0,红绿灯,"[169, 510, 156]","[170, 510, 156]","[182, 960, 1887]","[181, 959, 1877]","[168, 156]"
169,[18],"[110.31479344223938, 19.976115973358674]",0,红绿灯,"[167, 556, 155]","[168, 556, 155]","[183, 1071, 1888]","[182, 1072, 1876]","[169, 155]"
170,[18],"[110.33210750426744, 19.977526866427787]",0,红绿灯,"[168, 562, 157]","[172, 562, 157]","[181, 1091, 1889]","[180, 1092, 1878]","[170, 157]"
171,[18],"[110.29901650000006, 19.97609309807956]",0,红绿灯,"[21, 205]","[167, 205]","[185, 1346]","[184, 1345]",[171]
172,[18],"[110.33672580000008, 19.978244879662462]",0,红绿灯,"[170, 687, 158]","[22, 687, 158]","[180, 1542, 1890]","[179, 1541, 1879]","[172, 158]"
173,[17],"[110.28551639747536, 19.976068]",0,红绿灯,"[174, 618, 153]","[175, 618, 153]","[188, 1292, 1891]","[187, 1291, 1874]","[173, 153]"
174,[17],"[110.28199060000004, 19.976246265253447]",0,红绿灯,"[20, 619]","[173, 619]","[189, 1670]","[188, 1669]",[174]
175,[17],"[110.29003682190346, 19.976072]",0,红绿灯,"[173, 575]","[21, 575]","[187, 1797]","[186, 1798]",[175]
176,[16],"[110.271537, 19.97948647945206]",0,红绿灯,"[19, 152]","[20, 152]","[191, 1892]","[190, 1873]","[176, 152]"
177,[0],"[110.26630941605839, 20.015695]",0,红绿灯,"[5, 182]","[0, 182]","[193, 1893]","[192, 1896]","[182, 177]"
178,[16],"[110.26635717985612, 19.988606]",0,红绿灯,"[19, 179]","[13, 179]","[197, 1894]","[196, 1895]","[179, 178]"
179,[16],"[110.26654243290676, 19.988616300000057]",0,红绿灯,"[13, 620, 178]","[180, 620, 178]","[200, 1280, 1895]","[199, 1279, 1894]","[179, 178]"
180,[16],"[110.26690174261807, 19.986251454565473]",0,红绿灯,"[179, 623]","[19, 623]","[199, 1674]","[198, 1673]",[180]
181,[0],"[110.2664301706903, 20.020555500000068]",0,红绿灯,"[0, 446]","[182, 446]","[205, 747]","[204, 748]",[181]
182,[0],"[110.26648, 20.01569890000003]",0,红绿灯,"[181, 701, 177]","[5, 701, 177]","[204, 1643, 1896]","[203, 1644, 1893]","[182, 177]"
183,"[0, 1]","[110.28181359296615, 20.016425887519713]",0,红绿灯,"[6, 433, 198]","[1, 433, 198]","[207, 740, 1897]","[206, 739, 1904]","[198, 183]"
184,"[9, 7]","[110.2812556431925, 20.009792]",0,红绿灯,"[186, 719]","[6, 719]","[209, 1709]","[208, 1710]",[184]
185,"[9, 7]","[110.281168, 20.005903]",0,红绿灯,"[30, 720]","[186, 720]","[211, 1711]","[210, 1712]",[185]
186,"[9, 7]","[110.28123012755101, 20.007366]",0,红绿灯,"[185, 196]","[184, 196]","[210, 1898]","[209, 1903]","[196, 186]"
187,"[8, 10]","[110.28003140611354, 19.99799]",0,红绿灯,"[14, 717]","[188, 717]","[214, 1705]","[213, 1706]",[187]
188,"[8, 10]","[110.2803842310231, 19.999996]",0,红绿灯,"[187, 718]","[30, 718]","[213, 1707]","[212, 1708]",[188]
189,"[16, 17]","[110.278951560641, 19.983315283785043]",0,红绿灯,"[191, 624]","[190, 624]","[217, 1543]","[216, 1544]",[189]
190,"[16, 17]","[110.28000581761007, 19.989349]",0,红绿灯,"[189, 195]","[14, 195]","[216, 1899]","[215, 1902]","[195, 190]"
191,"[16, 17]","[110.27822207329844, 19.981853]",0,红绿灯,"[20, 193]","[189, 193]","[218, 1900]","[217, 1901]","[193, 191]"
192,"[16, 17]","[110.28008649496644, 19.987253500000076]",0,红绿灯,"[195, 534]","[193, 534]","[221, 1023]","[220, 1024]",[192]
193,"[16, 17]","[110.27839639489055, 19.981845900000064]",0,红绿灯,"[192, 619, 191]","[20, 619, 191]","[220, 1276, 1901]","[219, 1275, 1900]","[193, 191]"
194,"[16, 17]","[110.27961524184875, 19.993593900000075]",0,红绿灯,"[14, 630]","[195, 630]","[223, 1310]","[222, 1309]",[194]
195,"[16, 17]","[110.28017818901098, 19.989363800000046]",0,红绿灯,"[194, 708, 190]","[192, 708, 190]","[222, 1665, 1902]","[221, 1666, 1899]","[195, 190]"
196,"[9, 7]","[110.28131612484849, 20.007353600000055]",0,红绿灯,"[6, 348, 186]","[197, 348, 186]","[227, 486, 1903]","[226, 485, 1898]","[196, 186]"
197,"[9, 7]","[110.2809521459091, 20.003521900000077]",0,红绿灯,"[196, 579]","[30, 579]","[226, 1138]","[225, 1137]",[197]
198,"[0, 1]","[110.28188764244187, 20.016341300000033]",0,红绿灯,"[1, 445, 183]","[6, 445, 183]","[229, 741, 1904]","[228, 742, 1897]","[198, 183]"
199,"[1, 2]","[110.2943088346919, 20.015559888159984]",0,红绿灯,"[7, 445, 210]","[2, 445, 210]","[231, 744, 1905]","[230, 743, 1910]","[210, 199]"
200,"[9, 11]","[110.294288, 20.00735782107685]",0,红绿灯,"[31, 346, 209]","[201, 346, 209]","[234, 479, 1906]","[233, 480, 1909]","[209, 200]"
201,"[9, 11]","[110.29428770759242, 20.008580824447844]",0,红绿灯,"[200, 470]","[7, 470]","[233, 816]","[232, 815]",[201]
202,"[17, 18]","[110.2942878572986, 19.98718769110208]",0,红绿灯,"[203, 533]","[15, 533]","[237, 1028]","[236, 1027]",[202]
203,"[17, 18]","[110.29428771807538, 19.981463355282912]",0,红绿灯,"[21, 574, 204]","[202, 574, 204]","[238, 1269, 1907]","[237, 1270, 1908]","[204, 203]"
204,"[17, 18]","[110.29446258109452, 19.981385600000078]",0,红绿灯,"[15, 508, 203]","[205, 508, 203]","[241, 1022, 1908]","[240, 1021, 1907]","[204, 203]"
205,"[17, 18]","[110.29446497452574, 19.97950140000007]",0,红绿灯,"[204, 171]","[21, 171]","[240, 1345]","[239, 1346]",[205]
206,"[10, 12]","[110.294462, 19.997820000000058]",0,红绿灯,"[31, 640]","[15, 640]","[243, 1335]","[242, 1336]",[206]
207,"[9, 11]","[110.29445448529412, 20.010344000000043]",0,红绿灯,"[7, 453]","[209, 453]","[247, 795]","[246, 796]",[207]
208,"[9, 11]","[110.294453, 20.004655]",0,红绿灯,"[209, 458]","[31, 458]","[245, 1569]","[244, 1570]",[208]
209,"[9, 11]","[110.29442023809524, 20.00735240000007]",0,红绿灯,"[207, 459, 200]","[208, 459, 200]","[246, 1578, 1909]","[245, 1577, 1906]","[209, 200]"
210,"[1, 2]","[110.2944590642504, 20.015201]",0,红绿灯,"[2, 475, 199]","[7, 475, 199]","[249, 827, 1910]","[248, 828, 1905]","[210, 199]"
211,"[2, 4]","[110.32714126774191, 20.029681700000037]",0,红绿灯,"[214, 582]","[212, 582]","[252, 1149]","[251, 1150]",[211]
212,"[2, 4]","[110.32587034693857, 20.031290851819243]",0,红绿灯,"[211, 649]","[3, 649]","[251, 1406]","[250, 1405]",[212]
213,"[2, 4]","[110.3314099905742, 20.02418068806326]",0,红绿灯,"[9, 301]","[214, 301]","[254, 1430]","[253, 1429]",[213]
214,"[2, 4]","[110.32953538396524, 20.026646277220596]",0,红绿灯,"[213, 650, 230]","[211, 650, 230]","[253, 1753, 1911]","[252, 1754, 1916]","[230, 214]"
215,"[13, 14]","[110.33585813257642, 20.015496852925764]",0,红绿灯,"[216, 516]","[10, 516]","[257, 976]","[256, 975]",[215]
216,"[13, 14]","[110.33914013157894, 20.008202]",0,红绿灯,"[218, 522, 224]","[215, 522, 224]","[258, 985, 1912]","[257, 986, 1915]","[224, 216]"
217,"[13, 14]","[110.33967907056393, 20.004872143421544]",0,红绿灯,"[16, 675]","[218, 675]","[260, 1497]","[259, 1498]",[217]
218,"[13, 14]","[110.33959340000008, 20.005608580768484]",0,红绿灯,"[217, 675]","[216, 675]","[259, 1677]","[258, 1678]",[218]
219,"[18, 19]","[110.34085953168726, 19.994025868980025]",0,红绿灯,"[27, 505, 223]","[16, 505, 223]","[262, 952, 1913]","[261, 951, 1914]","[223, 219]"
220,"[18, 20]","[110.34240658762887, 19.982049]",0,红绿灯,"[27, 276]","[22, 276]","[265, 1713]","[264, 1714]",[220]
221,"[18, 19]","[110.34169373480664, 19.989295]",0,红绿灯,"[222, 499]","[27, 499]","[267, 932]","[266, 931]",[221]
222,"[18, 19]","[110.34143810092515, 19.991428]",0,红绿灯,"[223, 542]","[221, 542]","[268, 1045]","[267, 1046]",[222]
223,"[18, 19]","[110.34114384520548, 19.994015]",0,红绿灯,"[16, 219]","[222, 219]","[269, 1914]","[268, 1913]","[223, 219]"
224,"[13, 14]","[110.3393890832524, 20.00827392935352]",0,红绿灯,"[10, 682, 216]","[16, 682, 216]","[271, 1617, 1915]","[270, 1618, 1912]","[224, 216]"
225,"[2, 4]","[110.33123686920818, 20.025108400000033]",0,红绿灯,"[230, 310]","[9, 310]","[274, 408]","[273, 407]",[225]
226,"[2, 4]","[110.32676030438591, 20.030755700000054]",0,红绿灯,"[228, 427]","[229, 427]","[277, 685]","[276, 686]",[226]
227,"[2, 4]","[110.32488809482756, 20.033132300000045]",0,红绿灯,"[3, 437]","[228, 437]","[279, 718]","[278, 717]",[227]
228,"[2, 4]","[110.3253971620991, 20.032482600000048]",0,红绿灯,"[227, 442]","[226, 442]","[278, 725]","[277, 726]",[228]
229,"[2, 4]","[110.32826433333331, 20.02882490000003]",0,红绿灯,"[226, 482]","[230, 482]","[276, 868]","[275, 867]",[229]
230,"[2, 4]","[110.32984469748355, 20.026842644640812]",0,红绿灯,"[229, 712, 214]","[225, 712, 214]","[275, 1752, 1916]","[274, 1751, 1911]","[230, 214]"
231,"[4, 6]","[110.36145339934795, 20.030979496771735]",0,红绿灯,"[234, 486, 250]","[232, 486, 250]","[283, 901, 1917]","[282, 902, 1928]","[250, 231]"
232,"[4, 6]","[110.36119274511042, 20.033065719339934]",0,红绿灯,"[231, 487, 252]","[233, 487, 252]","[282, 905, 1918]","[281, 906, 1930]","[252, 232]"
233,"[4, 6]","[110.36060851701927, 20.038049816656947]",0,红绿灯,"[232, 388, 251]","[4, 388, 251]","[281, 1782, 1919]","[280, 1781, 1929]","[251, 233]"
234,"[4, 5, 6]","[110.362027875, 20.02692]",0,红绿灯,"[11, 488, 248]","[231, 488, 248]","[284, 1796, 1920]","[283, 1795, 1927]","[248, 234]"
235,"[14, 15]","[110.35828829592315, 20.00727174218994]",0,红绿灯,"[17, 526]","[236, 526]","[287, 1627]","[286, 1628]",[235]
236,"[14, 15]","[110.36052693852459, 20.009717]",0,红绿灯,"[235, 244]","[11, 244]","[286, 1921]","[285, 1926]","[244, 236]"
237,"[19, 21]","[110.36585977502816, 19.99989862908915]",0,红绿灯,"[26, 502, 240]","[238, 502, 240]","[291, 933, 1922]","[290, 934, 1924]","[240, 237]"
238,"[19, 21]","[110.36201227631173, 20.002053980660232]",0,红绿灯,"[237, 353, 243]","[239, 353, 243]","[290, 1248, 1923]","[289, 1247, 1925]","[243, 238]"
239,"[19, 21]","[110.35884344063163, 20.004778754348322]",0,红绿灯,"[238, 352]","[17, 352]","[289, 1650]","[288, 1649]",[239]
240,"[19, 21]","[110.36619260000005, 19.999829363720906]",0,红绿灯,"[243, 443, 237]","[242, 443, 237]","[297, 736, 1924]","[296, 735, 1922]","[240, 237]"
241,"[19, 21]","[110.37053408468465, 19.99522540000005]",0,红绿灯,"[242, 529]","[26, 529]","[295, 1012]","[294, 1011]",[241]
242,"[19, 21]","[110.36814486761129, 19.998199700000054]",0,红绿灯,"[240, 266]","[241, 266]","[296, 1199]","[295, 1200]",[242]
243,"[19, 21]","[110.36210623275858, 20.002114300000027]",0,红绿灯,"[17, 603, 238]","[240, 603, 238]","[298, 1205, 1925]","[297, 1206, 1923]","[243, 238]"
244,"[14, 15]","[110.36068072408379, 20.00971880000004]",0,红绿灯,"[11, 585, 236]","[17, 585, 236]","[300, 1222, 1926]","[299, 1221, 1921]","[244, 236]"
245,"[4, 6]","[110.36487762523657, 20.018357200000036]",0,红绿灯,"[249, 384]","[11, 384]","[302, 585]","[301, 586]",[245]
246,"[4, 6]","[110.36034991891891, 20.041670000000078]",0,红绿灯,"[4, 390]","[251, 390]","[309, 599]","[308, 600]",[246]
247,"[4, 6]","[110.36085656886227, 20.03708]",0,红绿灯,"[251, 398]","[252, 398]","[307, 623]","[306, 624]",[247]
248,"[4, 6]","[110.3621825986063, 20.026890319163567]",0,红绿灯,"[250, 403, 234]","[249, 403, 234]","[304, 641, 1927]","[303, 642, 1920]","[248, 234]"
249,"[4, 6]","[110.36354396039602, 20.021416000000055]",0,红绿灯,"[248, 404]","[245, 404]","[303, 1361]","[302, 1362]",[249]
250,"[4, 6]","[110.36159218085105, 20.030860500000028]",0,红绿灯,"[252, 410, 231]","[248, 410, 231]","[305, 1688, 1928]","[304, 1687, 1917]","[250, 231]"
251,"[4, 6]","[110.36070162378927, 20.038065806364575]",0,红绿灯,"[246, 393, 233]","[247, 393, 233]","[308, 1783, 1929]","[307, 1784, 1919]","[251, 233]"
252,"[4, 6]","[110.36131059084792, 20.033058]",0,红绿灯,"[247, 232]","[250, 232]","[306, 1930]","[305, 1918]","[252, 232]"
253,"[22, 23]","[110.37928399157303, 19.982504]",0,红绿灯,"[25, 721]","[26, 721]","[311, 1719]","[310, 1720]",[253]
254,[6],"[110.36897452344915, 20.043655944474935]",0,红绿灯,"[261, 391]","[260, 391]","[316, 606]","[315, 605]",[254]
255,[6],"[110.36205750000006, 20.048489577901417]",0,红绿灯,"[260, 390]","[4, 390]","[314, 610]","[313, 609]",[255]
256,[6],"[110.37893173779504, 20.03285905660086]",0,红绿灯,"[257, 408]","[261, 408]","[318, 658]","[317, 657]",[256]
257,[6],"[110.38001475899277, 20.029881500000055]",0,红绿灯,"[258, 591]","[256, 591]","[319, 1182]","[318, 1181]",[257]
258,[6],"[110.38124462141977, 20.027693264031107]",0,红绿灯,"[259, 646]","[257, 646]","[320, 1378]","[319, 1377]",[258]
259,[6],"[110.38329014944355, 20.024007400000027]",0,红绿灯,"[12, 648]","[258, 648]","[321, 1390]","[320, 1389]",[259]
260,[6],"[110.36695946319442, 20.044989866448752]",0,红绿灯,"[254, 392]","[255, 392]","[315, 1692]","[314, 1691]",[260]
261,[6],"[110.37724245238095, 20.036904]",0,红绿灯,"[256, 647]","[254, 647]","[317, 1792]","[316, 1791]",[261]
262,[15],"[110.37712132421022, 20.010178012799535]",0,红绿灯,"[18, 605]","[263, 605]","[324, 1211]","[323, 1212]",[262]
263,[15],"[110.37859558638743, 20.011995]",0,红绿灯,"[262, 272]","[12, 272]","[323, 1931]","[322, 1936]","[272, 263]"
264,[21],"[110.37607686671997, 20.005097979100306]",0,红绿灯,"[267, 443]","[18, 443]","[326, 733]","[325, 734]",[264]
265,[21],"[110.37939865073444, 19.997933841366656]",0,红绿灯,"[28, 529]","[266, 529]","[329, 1003]","[328, 1004]",[265]
266,[21],"[110.3778893715898, 20.000204827731864]",0,红绿灯,"[265, 242]","[267, 242]","[328, 1200]","[327, 1199]",[266]
267,[21],"[110.3767394054054, 20.002463]",0,红绿灯,"[266, 271]","[264, 271]","[327, 1932]","[326, 1935]","[271, 267]"
268,[23],"[110.38389005105442, 19.990057607993034]",0,红绿灯,"[269, 627]","[28, 627]","[331, 1296]","[330, 1295]",[268]
269,[23],"[110.38509529605258, 19.987957000000062]",0,红绿灯,"[24, 629, 270]","[268, 629, 270]","[332, 1306, 1933]","[331, 1305, 1934]","[270, 269]"
270,[23],"[110.38535960683761, 19.987945]",0,红绿灯,"[28, 269]","[24, 269]","[334, 1934]","[333, 1933]","[270, 269]"
271,[21],"[110.3769264663626, 20.002463]",0,红绿灯,"[18, 267]","[28, 267]","[336, 1935]","[335, 1932]","[271, 267]"
272,[15],"[110.3788101875, 20.011995]",0,红绿灯,"[12, 263]","[18, 263]","[338, 1936]","[337, 1931]","[272, 263]"
273,"[19, 20]","[110.36211760000005, 19.98828085272728]",0,红绿灯,"[275, 333, 280]","[274, 333, 280]","[344, 456, 1937]","[343, 455, 1942]","[280, 273]"
274,"[19, 20]","[110.35728020000006, 19.987693343154252]",0,红绿灯,"[273, 332, 281]","[277, 332, 281]","[343, 1217, 1938]","[342, 1218, 1943]","[281, 274]"
275,"[19, 20]","[110.36689660000003, 19.988816880104714]",0,红绿灯,"[26, 655]","[273, 655]","[345, 1442]","[344, 1441]",[275]
276,"[19, 20]","[110.344327, 19.98614989041096]",0,红绿灯,"[277, 220]","[27, 220]","[341, 1714]","[340, 1713]",[276]
277,"[19, 20]","[110.350853, 19.986940165656566]",0,红绿灯,"[274, 283]","[276, 283]","[342, 1939]","[341, 1944]","[283, 277]"
278,"[21, 23]","[110.37749190000007, 19.991174164682608]",0,红绿灯,"[28, 514, 279]","[26, 514, 279]","[347, 967, 1940]","[346, 968, 1941]","[279, 278]"
279,"[21, 23]","[110.37734071584471, 19.991224619403887]",0,红绿灯,"[26, 529, 278]","[28, 529, 278]","[349, 1006, 1941]","[348, 1005, 1940]","[279, 278]"
280,"[19, 20]","[110.36212077060499, 19.988393695371386]",0,红绿灯,"[281, 350, 273]","[26, 350, 273]","[351, 489, 1942]","[350, 490, 1937]","[280, 273]"
281,"[19, 20]","[110.35702457970638, 19.98777937846408]",0,红绿灯,"[283, 503, 274]","[280, 503, 274]","[352, 945, 1943]","[351, 946, 1938]","[281, 274]"
282,"[19, 20]","[110.34598386795666, 19.986460634228155]",0,红绿灯,"[27, 497]","[283, 497]","[354, 974]","[353, 973]",[282]
283,"[19, 20]","[110.35084352672581, 19.98705431740945]",0,红绿灯,"[282, 498, 277]","[281, 498, 277]","[353, 1007, 1944]","[352, 1008, 1939]","[283, 277]"
284,"[8, 7]","[110.273834, 20.00195289939638]",0,红绿灯,"[30, 294]","[29, 294]","[356, 1945]","[355, 1952]","[294, 284]"
285,"[9, 10]","[110.29026182624254, 20.001215084667628]",0,红绿灯,"[31, 632, 292]","[286, 632, 292]","[359, 1317, 1946]","[358, 1318, 1950]","[292, 285]"
286,"[9, 10]","[110.28517920494323, 20.001308696284426]",0,红绿灯,"[285, 634, 293]","[30, 634, 293]","[358, 1746, 1947]","[357, 1745, 1951]","[293, 286]"
287,"[11, 12]","[110.29900217555983, 20.001237437350294]",0,红绿灯,"[288, 640]","[31, 640]","[361, 1344]","[360, 1343]",[287]
288,"[11, 12]","[110.30249960451864, 20.001241]",0,红绿灯,"[32, 641, 291]","[287, 641, 291]","[362, 1777, 1948]","[361, 1778, 1949]","[291, 288]"
289,"[11, 12]","[110.29758020000004, 20.00130458652291]",0,红绿灯,"[31, 458]","[290, 458]","[366, 769]","[365, 770]",[289]
290,"[11, 12]","[110.30032320000005, 20.001311]",0,红绿灯,"[289, 691]","[291, 691]","[365, 1568]","[364, 1567]",[290]
291,"[11, 12]","[110.30249970000007, 20.001332]",0,红绿灯,"[290, 723, 288]","[32, 723, 288]","[364, 1780, 1949]","[363, 1779, 1948]","[291, 288]"
292,"[9, 10]","[110.29033240000008, 20.001302]",0,红绿灯,"[293, 346, 285]","[31, 346, 285]","[368, 793, 1950]","[367, 794, 1946]","[292, 285]"
293,"[9, 10]","[110.28522380000005, 20.001412012861735]",0,红绿灯,"[30, 579, 286]","[292, 579, 286]","[369, 1131, 1951]","[368, 1132, 1947]","[293, 286]"
294,"[8, 7]","[110.273834, 20.00201514141414]",0,红绿灯,"[29, 284]","[30, 284]","[371, 1952]","[370, 1945]","[294, 284]"
295,"[11, 13]","[110.30710233006957, 20.008009173820483]",0,红绿灯,"[32, 466, 298]","[33, 466, 298]","[373, 804, 1953]","[372, 803, 1954]","[298, 295]"
296,"[12, 13]","[110.30494812832141, 19.998011504208552]",0,红绿灯,"[34, 641]","[32, 641]","[375, 1340]","[374, 1339]",[296]
297,"[12, 13]","[110.30580069397219, 20.001259]",0,红绿灯,"[32, 461]","[34, 461]","[377, 785]","[376, 786]",[297]
298,"[11, 13]","[110.30719393829084, 20.007945300000028]",0,红绿灯,"[299, 667, 295]","[32, 667, 295]","[379, 1473, 1954]","[378, 1474, 1953]","[298, 295]"
299,"[11, 13]","[110.307292, 20.011894827357246]",0,红绿灯,"[33, 75]","[298, 75]","[380, 1801]","[379, 1802]",[299]
300,[2],"[110.32542650000006, 20.023677200000076]",1,转弯结点,"[301, 314, 650]","[301, 314, 650]","[384, 409, 1756]","[383, 410, 1755]",[300]
301,[2],"[110.32509507055778, 20.022667464699612]",1,转弯结点,"[123, 300, 654, 213]","[123, 300, 654, 213]","[382, 383, 1428, 1429]","[381, 384, 1427, 1430]",[301]
302,[13],"[110.323013, 20.013186]",1,转弯结点,"[73, 303, 695, 697, 76]","[73, 303, 695, 697, 76]","[385, 388, 1585, 1721, 1803]","[386, 387, 1586, 1722, 1804]",[302]
303,[13],"[110.31540670000005, 20.01422310000005]",1,转弯结点,"[302, 669]","[302, 669]","[387, 1480]","[388, 1479]",[303]
304,[13],"[110.32794260000004, 20.005876100000034]",1,转弯结点,"[307, 663, 664]","[307, 663, 664]","[389, 1460, 1461]","[390, 1459, 1462]",[304]
305,[13],"[110.32332300000003, 20.00787340000006]",1,转弯结点,"[306, 677, 666]","[306, 677, 666]","[394, 1590, 1591]","[393, 1589, 1592]",[305]
306,[13],"[110.32503490000006, 20.007140100000026]",1,转弯结点,"[307, 305, 678]","[307, 305, 678]","[392, 393, 1605]","[391, 394, 1606]",[306]
307,[13],"[110.32637530000007, 20.00656600000003]",1,转弯结点,"[304, 306, 679]","[304, 306, 679]","[390, 391, 1613]","[389, 392, 1614]",[307]
308,[4],"[110.33699880000007, 20.03070710000004]",1,转弯结点,"[309, 112, 311, 312]","[309, 112, 311, 312]","[396, 397, 402, 403]","[395, 398, 401, 404]",[308]
309,[4],"[110.33408500000003, 20.031139800000073]",1,转弯结点,"[308, 417, 425, 712, 435]","[308, 417, 425, 712, 435]","[395, 674, 1748, 1749, 1805]","[396, 673, 1747, 1750, 1806]",[309]
310,[4],"[110.33643980000006, 20.02771370000006]",1,转弯结点,"[113, 312, 225, 712]","[113, 312, 225, 712]","[400, 406, 407, 1690]","[399, 405, 408, 1689]",[310]
311,[4],"[110.33742280000008, 20.032722700000033]",1,转弯结点,"[308, 120, 425]","[308, 120, 425]","[401, 1254, 1255]","[402, 1253, 1256]",[311]
312,[4],"[110.33680120000004, 20.029649200000062]",1,转弯结点,"[308, 310, 121]","[308, 310, 121]","[404, 405, 1425]","[403, 406, 1426]",[312]
313,[2],"[110.31515160000005, 20.02323050000008]",1,转弯结点,"[314, 315, 316, 583]","[314, 315, 316, 583]","[412, 413, 416, 1156]","[411, 414, 415, 1155]",[313]
314,[2],"[110.32115650000004, 20.021928900000045]",1,转弯结点,"[300, 313, 325, 653]","[300, 313, 325, 653]","[410, 411, 431, 1424]","[409, 412, 432, 1423]",[314]
315,[2],"[110.31044750000008, 20.024280600000065]",1,转弯结点,"[313, 471, 479]","[313, 471, 479]","[414, 846, 847]","[413, 845, 848]",[315]
316,[2],"[110.31339030000005, 20.02582640000004]",1,转弯结点,"[313, 45, 479, 480]","[313, 45, 479, 480]","[415, 844, 850, 851]","[416, 843, 849, 852]",[316]
317,[4],"[110.34772870000008, 20.035032900000044]",1,转弯结点,"[114, 323]","[114, 323]","[418, 423]","[417, 424]",[317]
318,[5],"[110.34571850000005, 20.03296960000007]",1,转弯结点,"[319, 105, 330, 106]","[319, 105, 330, 106]","[420, 421, 448, 449]","[419, 422, 447, 450]",[318]
319,[5],"[110.34640480000003, 20.03336760000003]",1,转弯结点,[318],[318],[419],[420],[319]
320,[4],"[110.34686540000008, 20.03856550000007]",1,转弯结点,"[322, 321, 345, 363]","[322, 321, 345, 363]","[428, 429, 477, 557]","[427, 430, 478, 558]",[320]
321,[4],"[110.34598960000007, 20.04067360000006]",1,转弯结点,"[320, 355, 370, 365]","[320, 355, 370, 365]","[430, 525, 559, 568]","[429, 526, 560, 567]",[321]
322,[4],"[110.34747600000004, 20.037001100000065]",1,转弯结点,"[323, 320, 495]","[323, 320, 495]","[426, 427, 914]","[425, 428, 913]",[322]
323,[4],"[110.34773130000004, 20.036044300000025]",1,转弯结点,"[317, 322, 364, 707]","[317, 322, 364, 707]","[424, 425, 1658, 1659]","[423, 426, 1657, 1660]",[323]
324,[2],"[110.32027220000005, 20.02982940000005]",1,转弯结点,"[327, 41, 480]","[327, 41, 480]","[438, 439, 854]","[437, 440, 853]",[324]
325,[2],"[110.32039880000004, 20.02569650000005]",1,转弯结点,"[314, 326, 582, 583]","[314, 326, 582, 583]","[432, 433, 1152, 1153]","[431, 434, 1151, 1154]",[325]
326,[2],"[110.32032730000005, 20.026581200000077]",1,转弯结点,"[325, 327, 588]","[325, 327, 588]","[434, 435, 1172]","[433, 436, 1171]",[326]
327,[2],"[110.32030130000005, 20.02811390000006]",1,转弯结点,"[326, 324, 649]","[326, 324, 649]","[436, 437, 1403]","[435, 438, 1404]",[327]
328,[4],"[110.35397940000009, 20.044365500000037]",1,转弯结点,"[49, 375, 489, 367, 57]","[49, 375, 489, 367, 57]","[442, 886, 893, 926, 1139]","[441, 885, 894, 925, 1140]",[328]
329,[5],"[110.35140200000008, 20.022379800000078]",1,转弯结点,"[331, 380, 382, 539]","[331, 380, 382, 539]","[443, 576, 577, 1626]","[444, 575, 578, 1625]",[329]
330,[5],"[110.34761790000006, 20.031010700000035]",1,转弯结点,"[331, 318, 541]","[331, 318, 541]","[446, 447, 1400]","[445, 448, 1399]",[330]
331,[5],"[110.34959930000004, 20.029115500000056]",1,转弯结点,"[329, 330, 110]","[329, 330, 110]","[444, 445, 1402]","[443, 446, 1401]",[331]
332,[20],"[110.36214830000007, 19.98313490000005]",1,转弯结点,"[164, 333, 274, 165]","[164, 333, 274, 165]","[452, 453, 1218, 1219]","[451, 454, 1217, 1220]",[332]
333,[20],"[110.36214450000007, 19.98376910000003]",1,转弯结点,"[332, 273, 655]","[332, 273, 655]","[454, 455, 1431]","[453, 456, 1432]",[333]
334,[4],"[110.34144360000006, 20.034208000000046]",1,转弯结点,"[335, 115]","[335, 115]","[457, 459]","[458, 460]",[334]
335,[4],"[110.33800180000004, 20.038536800000042]",1,转弯结点,"[334, 354, 357, 485]","[334, 354, 357, 485]","[458, 497, 501, 1812]","[457, 498, 502, 1811]",[335]
336,[14],"[110.34572630000004, 20.00854450000004]",1,转弯结点,"[140, 337, 523]","[140, 337, 523]","[462, 463, 987]","[461, 464, 988]",[336]
337,[14],"[110.34462630000003, 20.008277200000077]",1,转弯结点,"[336, 682]","[336, 682]","[464, 1620]","[463, 1619]",[337]
338,[5],"[110.35767480000005, 20.02522670000003]",1,转弯结点,"[107, 378]","[107, 378]","[465, 571]","[466, 572]",[338]
339,[5],"[110.34121040000004, 20.020448000000055]",1,转弯结点,"[342, 341, 85, 524]","[342, 341, 85, 524]","[470, 471, 990, 991]","[469, 472, 989, 992]",[339]
340,[5],"[110.35152610000007, 20.020125000000075]",1,转弯结点,"[343, 611, 91, 539]","[343, 611, 91, 539]","[476, 1233, 1622, 1623]","[475, 1234, 1621, 1624]",[340]
341,[5],"[110.34342460000006, 20.020407700000032]",1,转弯结点,"[339, 343, 379, 88]","[339, 343, 379, 88]","[472, 473, 1348, 1349]","[471, 474, 1347, 1350]",[341]
342,[5],"[110.33839110000004, 20.020385000000044]",1,转弯结点,"[344, 339, 92]","[344, 339, 92]","[468, 469, 1636]","[467, 470, 1635]",[342]
343,[5],"[110.34623020000005, 20.020359900000027]",1,转弯结点,"[341, 340, 93, 382]","[341, 340, 93, 382]","[474, 475, 1774, 1775]","[473, 476, 1773, 1776]",[343]
344,[5],"[110.33800040000007, 20.02038010000008]",1,转弯结点,[342],[342],[467],[468],[344]
345,[4],"[110.34909200000006, 20.039410800000052]",1,转弯结点,"[320, 370, 374]","[320, 370, 374]","[478, 538, 553]","[477, 537, 554]",[345]
346,[9],"[110.29286470000007, 20.007335200000067]",1,转弯结点,"[200, 347, 292]","[200, 347, 292]","[480, 481, 794]","[479, 482, 793]",[346]
347,[9],"[110.29178840000004, 20.00734710000007]",1,转弯结点,"[346, 348, 470]","[346, 348, 470]","[482, 483, 813]","[481, 484, 814]",[347]
348,[9],"[110.28642170000008, 20.007329800000047]",1,转弯结点,"[347, 196, 579, 69]","[347, 196, 579, 69]","[484, 485, 1134, 1135]","[483, 486, 1133, 1136]",[348]
349,[2],"[110.29885450000008, 20.018753300000025]",1,转弯结点,"[97, 473, 475, 478]","[97, 473, 475, 478]","[487, 826, 830, 1144]","[488, 825, 829, 1143]",[349]
350,[19],"[110.36111810000007, 19.99225640000004]",1,转弯结点,"[280, 351]","[280, 351]","[490, 491]","[489, 492]",[350]
351,[19],"[110.35755550000006, 19.997145300000067]",1,转弯结点,"[350, 353, 502, 500]","[350, 353, 502, 500]","[492, 493, 936, 937]","[491, 494, 935, 938]",[351]
352,[19],"[110.355124, 20.003265]",1,转弯结点,"[353, 133, 532, 239]","[353, 133, 532, 239]","[496, 1243, 1262, 1649]","[495, 1244, 1261, 1650]",[352]
353,[19],"[110.35610210000006, 19.99995400000007]",1,转弯结点,"[351, 352, 238]","[351, 352, 238]","[494, 495, 1247]","[493, 496, 1248]",[353]
354,[4],"[110.34319860000006, 20.040675700000076]",1,转弯结点,"[335, 355, 362, 365]","[335, 355, 362, 365]","[498, 499, 518, 521]","[497, 500, 517, 522]",[354]
355,[4],"[110.34571830000006, 20.041528700000026]",1,转弯结点,"[354, 321, 366]","[354, 321, 366]","[500, 526, 527]","[499, 525, 528]",[355]
356,[4],"[110.33683870000006, 20.04208330000007]",1,转弯结点,"[357, 50, 360, 361]","[357, 50, 360, 361]","[504, 505, 510, 511]","[503, 506, 509, 512]",[356]
357,[4],"[110.33679910000008, 20.040995100000043]",1,转弯结点,"[335, 356, 440]","[335, 356, 440]","[502, 503, 876]","[501, 504, 875]",[357]
358,[4],"[110.34236720000008, 20.04263690000006]",1,转弯结点,"[359, 360, 362]","[359, 360, 362]","[508, 514, 515]","[507, 513, 516]",[358]
359,[4],"[110.34513110000007, 20.04358030000004]",1,转弯结点,"[358, 366, 377]","[358, 366, 377]","[507, 530, 921]","[508, 529, 922]",[359]
360,[4],"[110.34151930000003, 20.043158300000027]",1,转弯结点,"[356, 358]","[356, 358]","[509, 513]","[510, 514]",[360]
361,[4],"[110.33675640000008, 20.04205840000004]",1,转弯结点,[356],[356],[512],[511],[361]
362,[4],"[110.34269400000007, 20.042016800000066]",1,转弯结点,"[358, 354, 366]","[358, 354, 366]","[516, 517, 539]","[515, 518, 540]",[362]
363,[4],"[110.34469690000005, 20.03769600000005]",1,转弯结点,"[364, 365, 320]","[364, 365, 320]","[519, 524, 558]","[520, 523, 557]",[363]
364,[4],"[110.34424200000008, 20.03631790000004]",1,转弯结点,"[363, 323]","[363, 323]","[520, 1657]","[519, 1658]",[364]
365,[4],"[110.34364840000008, 20.039814500000045]",1,转弯结点,"[354, 363, 376, 321]","[354, 363, 376, 321]","[522, 523, 566, 567]","[521, 524, 565, 568]",[365]
366,[4],"[110.34526700000005, 20.042990000000042]",1,转弯结点,"[355, 359, 362, 369]","[355, 359, 362, 369]","[528, 529, 540, 541]","[527, 530, 539, 542]",[366]
367,[4],"[110.35383080000004, 20.03980290000005]",1,转弯结点,"[368, 374, 389, 328]","[368, 374, 389, 328]","[534, 556, 595, 925]","[533, 555, 596, 926]",[367]
368,[4],"[110.35312430000006, 20.03646610000005]",1,转弯结点,"[116, 367, 496, 493]","[116, 367, 496, 493]","[532, 533, 916, 917]","[531, 534, 915, 918]",[368]
369,[4],"[110.34683010000005, 20.04292140000008]",1,转弯结点,"[370, 366, 372]","[370, 366, 372]","[535, 542, 543]","[536, 541, 544]",[369]
370,[4],"[110.34807460000003, 20.04143810000006]",1,转弯结点,"[369, 345, 321, 371]","[369, 345, 321, 371]","[536, 537, 560, 561]","[535, 538, 559, 562]",[370]
371,[4],"[110.35028300000006, 20.043740800000034]",1,转弯结点,"[373, 375, 370, 51]","[373, 375, 370, 51]","[548, 549, 562, 563]","[547, 550, 561, 564]",[371]
372,[4],"[110.34710070000007, 20.043138500000065]",1,转弯结点,"[369, 373, 377]","[369, 373, 377]","[544, 545, 570]","[543, 546, 569]",[372]
373,[4],"[110.34824070000003, 20.04371980000003]",1,转弯结点,"[372, 371, 55]","[372, 371, 55]","[546, 547, 887]","[545, 548, 888]",[373]
374,[4],"[110.35128800000008, 20.039603900000042]",1,转弯结点,"[375, 345, 367]","[375, 345, 367]","[552, 554, 555]","[551, 553, 556]",[374]
375,[4],"[110.35081320000008, 20.042693500000052]",1,转弯结点,"[371, 374, 328]","[371, 374, 328]","[550, 551, 885]","[549, 552, 886]",[375]
376,[4],"[110.34319530000006, 20.039654900000027]",1,转弯结点,[365],[365],[565],[566],[376]
377,[4],"[110.34522130000006, 20.04406910000007]",1,转弯结点,"[372, 359, 56]","[372, 359, 56]","[569, 922, 923]","[570, 921, 924]",[377]
378,[5],"[110.35571780000005, 20.024494900000047]",1,转弯结点,"[338, 380, 527]","[338, 380, 527]","[572, 573, 997]","[571, 574, 998]",[378]
379,[5],"[110.34346060000009, 20.023045800000045]",1,转弯结点,"[382, 381, 541, 341]","[382, 381, 541, 341]","[580, 581, 1041, 1347]","[579, 582, 1042, 1348]",[379]
380,[5],"[110.35353990000006, 20.023524200000065]",1,转弯结点,"[378, 329, 537]","[378, 329, 537]","[574, 575, 1351]","[573, 576, 1352]",[380]
381,[5],"[110.34147010000005, 20.025314200000036]",1,转弯结点,"[379, 108, 541, 535]","[379, 108, 541, 535]","[582, 583, 1397, 1732]","[581, 584, 1398, 1731]",[381]
382,[5],"[110.34646220000003, 20.021430200000065]",1,转弯结点,"[329, 379, 343]","[329, 379, 343]","[578, 579, 1776]","[577, 580, 1775]",[382]
383,[6],"[110.36915800000004, 20.021483400000033]",1,转弯结点,"[384, 385, 394]","[384, 385, 394]","[588, 592, 611]","[587, 591, 612]",[383]
384,[6],"[110.36778260000007, 20.019899700000064]",1,转弯结点,"[245, 383, 404, 642]","[245, 383, 404, 642]","[586, 587, 633, 1364]","[585, 588, 634, 1363]",[384]
385,[6],"[110.36698810000009, 20.02757950000007]",1,转弯结点,"[386, 383, 406, 407]","[386, 383, 406, 407]","[590, 591, 646, 647]","[589, 592, 645, 648]",[385]
386,[6],"[110.36699560000007, 20.030880800000045]",1,转弯结点,"[385, 398, 415]","[385, 398, 415]","[589, 662, 663]","[590, 661, 664]",[386]
387,[4],"[110.35794710000006, 20.038452800000027]",1,转弯结点,"[388, 389]","[388, 389]","[593, 598]","[594, 597]",[387]
388,[4],"[110.35847770000005, 20.038344800000072]",1,转弯结点,"[387, 233]","[387, 233]","[594, 1781]","[593, 1782]",[388]
389,[4],"[110.35757140000005, 20.03853090000008]",1,转弯结点,"[367, 387, 493, 494]","[367, 387, 493, 494]","[596, 597, 910, 911]","[595, 598, 909, 912]",[389]
390,[6],"[110.36281390000006, 20.041920900000047]",1,转弯结点,"[246, 392, 393, 255]","[246, 392, 393, 255]","[600, 601, 608, 609]","[599, 602, 607, 610]",[390]
391,[6],"[110.36904870000008, 20.04253810000007]",1,转弯结点,"[392, 254, 416]","[392, 254, 416]","[604, 605, 665]","[603, 606, 666]",[391]
392,[6],"[110.36642000000008, 20.042336300000056]",1,转弯结点,"[390, 391, 260]","[390, 391, 260]","[602, 603, 1691]","[601, 604, 1692]",[392]
393,[6],"[110.36325600000005, 20.038365200000055]",1,转弯结点,"[390, 251, 414]","[390, 251, 414]","[607, 1784, 1785]","[608, 1783, 1786]",[393]
394,[6],"[110.37401980000006, 20.02150320000005]",1,转弯结点,"[383, 395, 397, 84]","[383, 395, 397, 84]","[612, 613, 620, 621]","[611, 614, 619, 622]",[394]
395,[6],"[110.37835550000007, 20.021526100000028]",1,转弯结点,"[394, 83, 609]","[394, 83, 609]","[614, 615, 1385]","[613, 616, 1386]",[395]
396,[6],"[110.37220160000005, 20.031228200000054]",1,转弯结点,"[397, 399, 590, 416]","[397, 399, 590, 416]","[617, 628, 1223, 1799]","[618, 627, 1224, 1800]",[396]
397,[6],"[110.37219880000005, 20.02696750000008]",1,转弯结点,"[396, 394, 407, 590]","[396, 394, 407, 590]","[618, 619, 1174, 1175]","[617, 620, 1173, 1176]",[397]
398,[6],"[110.36612890000005, 20.03447170000005]",1,转弯结点,"[247, 399, 414, 386]","[247, 399, 414, 386]","[624, 625, 660, 661]","[623, 626, 659, 662]",[398]
399,[6],"[110.36707010000005, 20.033946000000025]",1,转弯结点,"[398, 396, 416]","[398, 396, 416]","[626, 627, 668]","[625, 628, 667]",[399]
400,[6],"[110.36512940000007, 20.02881830000008]",1,转弯结点,"[401, 402]","[401, 402]","[630, 631]","[629, 632]",[400]
401,[6],"[110.36513360000005, 20.028315300000042]",1,转弯结点,"[400, 403]","[400, 403]","[629, 638]","[630, 637]",[401]
402,[6],"[110.36469550000005, 20.031242100000053]",1,转弯结点,"[400, 410]","[400, 410]","[632, 1685]","[631, 1686]",[402]
403,[6],"[110.36524690000006, 20.02727310000007]",1,转弯结点,"[404, 401, 248, 405]","[404, 401, 248, 405]","[636, 637, 642, 643]","[635, 638, 641, 644]",[403]
404,[6],"[110.36604550000006, 20.022731200000077]",1,转弯结点,"[384, 403, 249]","[384, 403, 249]","[634, 635, 1362]","[633, 636, 1361]",[404]
405,[6],"[110.36617670000005, 20.02745760000006]",1,转弯结点,"[406, 403]","[406, 403]","[639, 644]","[640, 643]",[405]
406,[6],"[110.36675240000007, 20.02755990000004]",1,转弯结点,"[405, 385]","[405, 385]","[640, 645]","[639, 646]",[406]
407,[6],"[110.36798360000007, 20.02731110000003]",1,转弯结点,"[385, 397]","[385, 397]","[648, 1173]","[647, 1174]",[407]
408,[6],"[110.37729310000005, 20.03205010000006]",1,转弯结点,"[409, 413, 256]","[409, 413, 256]","[649, 656, 657]","[650, 655, 658]",[408]
409,[6],"[110.37447050000004, 20.034397400000056]",1,转弯结点,"[408, 647, 413]","[408, 647, 413]","[650, 1380, 1381]","[649, 1379, 1382]",[409]
410,[6],"[110.36390280000008, 20.031137400000045]",1,转弯结点,"[411, 412, 402, 250]","[411, 412, 402, 250]","[652, 653, 1686, 1687]","[651, 654, 1685, 1688]",[410]
411,[6],"[110.36392920000004, 20.031072000000062]",1,转弯结点,[410],[410],[651],[652],[411]
412,[6],"[110.36305930000005, 20.033136700000068]",1,转弯结点,[410],[410],[654],[653],[412]
413,[6],"[110.37661010000006, 20.031690700000023]",1,转弯结点,"[408, 409, 591]","[408, 409, 591]","[655, 1382, 1383]","[656, 1381, 1384]",[413]
414,[6],"[110.36892140000005, 20.03875320000004]",1,转弯结点,"[398, 393, 416]","[398, 393, 416]","[659, 1786, 1787]","[660, 1785, 1788]",[414]
415,[6],"[110.36779490000005, 20.031223500000078]",1,转弯结点,[386],[386],[664],[663],[415]
416,[6],"[110.37036590000004, 20.03834040000005]",1,转弯结点,"[391, 399, 414, 647, 396]","[391, 399, 414, 647, 396]","[666, 667, 1788, 1789, 1800]","[665, 668, 1787, 1790, 1799]",[416]
417,[4],"[110.33222010000004, 20.03333710000005]",1,转弯结点,"[418, 309, 435]","[418, 309, 435]","[672, 673, 707]","[671, 674, 708]",[417]
418,[4],"[110.33192060000006, 20.03367190000007]",1,转弯结点,"[419, 417, 482]","[419, 417, 482]","[670, 671, 1684]","[669, 672, 1683]",[418]
419,[4],"[110.33189890000007, 20.033695900000065]",1,转弯结点,[418],[418],[669],[670],[419]
420,[4],"[110.32661140000006, 20.035368000000073]",1,转弯结点,"[422, 52, 431]","[422, 52, 431]","[675, 684, 697]","[676, 683, 698]",[420]
421,[4],"[110.32869050000006, 20.031854100000043]",1,转弯结点,"[424, 427, 428]","[424, 427, 428]","[682, 688, 689]","[681, 687, 690]",[421]
422,[4],"[110.32683680000004, 20.034221400000046]",1,转弯结点,"[420, 423, 436, 437]","[420, 423, 436, 437]","[676, 677, 714, 715]","[675, 678, 713, 716]",[422]
423,[4],"[110.32734230000007, 20.033573500000056]",1,转弯结点,"[422, 424, 442, 436]","[422, 424, 442, 436]","[678, 679, 728, 729]","[677, 680, 727, 730]",[423]
424,[4],"[110.32839310000004, 20.03223790000005]",1,转弯结点,"[423, 421, 438]","[423, 421, 438]","[680, 681, 861]","[679, 682, 862]",[424]
425,[4],"[110.33528, 20.03388]",1,转弯结点,"[429, 435, 311, 309]","[429, 435, 311, 309]","[696, 710, 1256, 1747]","[695, 709, 1255, 1748]",[425]
426,[4],"[110.33282604781535, 20.034453893858238]",1,转弯结点,"[428, 429, 441, 439]","[428, 429, 441, 439]","[692, 693, 720, 721]","[691, 694, 719, 722]",[426]
427,[4],"[110.32765290000005, 20.031170400000075]",1,转弯结点,"[226, 421, 442]","[226, 421, 442]","[686, 687, 855]","[685, 688, 856]",[427]
428,[4],"[110.33081990000007, 20.033306400000026]",1,转弯结点,"[421, 426, 438, 481]","[421, 426, 438, 481]","[690, 691, 864, 865]","[689, 692, 863, 866]",[428]
429,[4],"[110.3352448330776, 20.03396793909476]",1,转弯结点,"[426, 425, 435, 485]","[426, 425, 435, 485]","[694, 695, 1808, 1809]","[693, 696, 1807, 1810]",[429]
430,[4],"[110.32986060000003, 20.03849900000007]",1,转弯结点,"[432, 483, 440]","[432, 483, 440]","[702, 872, 873]","[701, 871, 874]",[430]
431,[4],"[110.32729290000005, 20.03551660000006]",1,转弯结点,"[420, 432, 483]","[420, 432, 483]","[698, 699, 869]","[697, 700, 870]",[431]
432,[4],"[110.32984184193167, 20.037056723114098]",1,转弯结点,"[431, 430, 484, 439]","[431, 430, 484, 439]","[700, 701, 878, 879]","[699, 702, 877, 880]",[432]
433,[0],"[110.27975760000005, 20.01684910000007]",1,转弯结点,"[35, 434, 183]","[35, 434, 183]","[704, 705, 739]","[703, 706, 740]",[433]
434,[0],"[110.27972490000003, 20.015127000000074]",1,转弯结点,"[433, 101, 446]","[433, 101, 446]","[706, 745, 750]","[705, 746, 749]",[434]
435,[4],"[110.33517084831222, 20.033787534507713]",1,转弯结点,"[417, 425, 309, 429]","[417, 425, 309, 429]","[708, 709, 1806, 1807]","[707, 710, 1805, 1808]",[435]
436,[4],"[110.32831770000008, 20.034240900000054]",1,转弯结点,"[438, 422, 423, 439]","[438, 422, 423, 439]","[712, 713, 730, 731]","[711, 714, 729, 732]",[436]
437,[4],"[110.32581500000005, 20.033534900000074]",1,转弯结点,"[422, 227, 442, 53]","[422, 227, 442, 53]","[716, 717, 858, 859]","[715, 718, 857, 860]",[437]
438,[4],"[110.32939550000005, 20.032912100000043]",1,转弯结点,"[436, 424, 428]","[436, 424, 428]","[711, 862, 863]","[712, 861, 864]",[438]
439,[4],"[110.33199130000004, 20.036990300000024]",1,转弯结点,"[426, 440, 436, 432, 485]","[426, 440, 436, 432, 485]","[722, 723, 732, 880, 883]","[721, 724, 731, 879, 884]",[439]
440,[4],"[110.33113530000004, 20.03940460000008]",1,转弯结点,"[439, 430, 357]","[439, 430, 357]","[724, 874, 875]","[723, 873, 876]",[440]
441,[4],"[110.332832, 20.034394]",1,转弯结点,[426],[426],[719],[720],[441]
442,[4],"[110.32630100000007, 20.03287910000007]",1,转弯结点,"[228, 423, 427, 437]","[228, 423, 427, 437]","[726, 727, 856, 857]","[725, 728, 855, 858]",[442]
443,[21],"[110.36785700000003, 20.00159290000006]",1,转弯结点,"[264, 240, 616]","[264, 240, 616]","[734, 735, 1249]","[733, 736, 1250]",[443]
444,[1],"[110.28418780000005, 20.016706500000065]",1,转弯结点,[37],[37],[737],[738],[444]
445,[1],"[110.29141550000004, 20.015569500000037]",1,转弯结点,"[198, 199, 448]","[198, 199, 448]","[742, 743, 765]","[741, 744, 766]",[445]
446,[0],"[110.27166640000003, 20.019005700000047]",1,转弯结点,"[181, 434, 36]","[181, 434, 36]","[748, 749, 751]","[747, 750, 752]",[446]
447,[1],"[110.29070350000008, 20.01724310000004]",1,转弯结点,"[448, 450, 451]","[448, 450, 451]","[756, 757, 760]","[755, 758, 759]",[447]
448,[1],"[110.29140442540807, 20.01663121332018]",1,转弯结点,"[449, 447, 445, 39]","[449, 447, 445, 39]","[754, 755, 766, 767]","[753, 756, 765, 768]",[448]
449,[1],"[110.291427, 20.016632]",1,转弯结点,[448],[448],[753],[754],[449]
450,[1],"[110.29060890000007, 20.018074300000034]",1,转弯结点,[447],[447],[758],[757],[450]
451,[1],"[110.28767100000006, 20.018047600000056]",1,转弯结点,"[447, 38, 452]","[447, 38, 452]","[759, 762, 763]","[760, 761, 764]",[451]
452,[1],"[110.28673180000006, 20.017068000000062]",1,转弯结点,[451],[451],[764],[763],[452]
453,[11],"[110.29705750000007, 20.007855300000028]",1,转弯结点,"[459, 456, 207]","[459, 456, 207]","[774, 775, 796]","[773, 776, 795]",[453]
454,[11],"[110.30241970000004, 20.01279550000005]",1,转弯结点,"[455, 71, 465]","[455, 71, 465]","[784, 798, 799]","[783, 797, 800]",[454]
455,[11],"[110.30001186990756, 20.012412621629387]",1,转弯结点,"[457, 454, 469, 72]","[457, 454, 469, 72]","[782, 783, 810, 811]","[781, 784, 809, 812]",[455]
456,[11],"[110.29683140000004, 20.00943090000005]",1,转弯结点,"[453, 460, 690]","[453, 460, 690]","[776, 777, 1551]","[775, 778, 1552]",[456]
457,[11],"[110.29976460000007, 20.012333200000068]",1,转弯结点,"[460, 455, 689]","[460, 455, 689]","[780, 781, 1559]","[779, 782, 1560]",[457]
458,[11],"[110.29734170000008, 20.004598500000053]",1,转弯结点,"[289, 459, 208, 691]","[289, 459, 208, 691]","[770, 771, 1570, 1571]","[769, 772, 1569, 1572]",[458]
459,[11],"[110.29712870000004, 20.007359500000074]",1,转弯结点,"[458, 453, 693, 209]","[458, 453, 693, 209]","[772, 773, 1576, 1577]","[771, 774, 1575, 1578]",[459]
460,[11],"[110.29749280000006, 20.011603500000046]",1,转弯结点,"[456, 457, 690]","[456, 457, 690]","[778, 779, 1582]","[777, 780, 1581]",[460]
461,[13],"[110.30893984041226, 20.00201444802356]",1,转弯结点,"[297, 462, 637, 636]","[297, 462, 637, 636]","[786, 787, 1324, 1325]","[785, 788, 1323, 1326]",[461]
462,[13],"[110.31380691755592, 20.000172077405292]",1,转弯结点,"[461, 464, 638, 545]","[461, 464, 638, 545]","[788, 789, 1330, 1331]","[787, 790, 1329, 1332]",[462]
463,[13],"[110.32058860000008, 20.000263700000072]",1,转弯结点,"[464, 662, 546, 663]","[464, 662, 546, 663]","[792, 1452, 1456, 1457]","[791, 1451, 1455, 1458]",[463]
464,[13],"[110.31825314360194, 20.000156]",1,转弯结点,"[462, 463, 680, 681]","[462, 463, 680, 681]","[790, 791, 1516, 1517]","[789, 792, 1515, 1518]",[464]
465,[11],"[110.30280140000004, 20.010881600000072]",1,转弯结点,"[454, 469, 694]","[454, 469, 694]","[800, 1558, 1584]","[799, 1557, 1583]",[465]
466,[11],"[110.30149290000004, 20.007852600000046]",1,转弯结点,"[467, 295, 468]","[467, 295, 468]","[802, 803, 806]","[801, 804, 805]",[466]
467,[11],"[110.30047220000007, 20.007739300000036]",1,转弯结点,"[466, 692, 691]","[466, 692, 691]","[801, 1564, 1565]","[802, 1563, 1566]",[467]
468,[11],"[110.30194370000005, 20.010244200000056]",1,转弯结点,"[466, 469]","[466, 469]","[805, 807]","[806, 808]",[468]
469,[11],"[110.30169111552453, 20.01048417464289]",1,转弯结点,"[468, 455, 689, 465]","[468, 455, 689, 465]","[808, 809, 1556, 1557]","[807, 810, 1555, 1558]",[469]
470,[9],"[110.29178280000004, 20.008575800000028]",1,转弯结点,"[347, 201, 68]","[347, 201, 68]","[814, 815, 817]","[813, 816, 818]",[470]
471,[2],"[110.30578710000005, 20.02245270000004]",1,转弯结点,"[42, 315, 580]","[42, 315, 580]","[820, 845, 1265]","[819, 846, 1266]",[471]
472,[2],"[110.30359430000006, 20.020485200000063]",1,转弯结点,"[474, 473, 476]","[474, 473, 476]","[822, 823, 832]","[821, 824, 831]",[472]
473,[2],"[110.30078580000004, 20.019492900000056]",1,转弯结点,"[472, 349, 477, 581]","[472, 349, 477, 581]","[824, 825, 839, 1148]","[823, 826, 840, 1147]",[473]
474,[2],"[110.30596290000007, 20.021718600000053]",1,转弯结点,"[472, 580]","[472, 580]","[821, 1268]","[822, 1267]",[474]
475,[2],"[110.29516960000008, 20.015194200000064]",1,转弯结点,"[210, 349, 99]","[210, 349, 99]","[828, 829, 1715]","[827, 830, 1716]",[475]
476,[2],"[110.30306410000004, 20.021759600000063]",1,转弯结点,"[472, 477, 43]","[472, 477, 43]","[831, 836, 837]","[832, 835, 838]",[476]
477,[2],"[110.30039390000003, 20.02080460000003]",1,转弯结点,"[478, 476, 473, 44]","[478, 476, 473, 44]","[834, 835, 840, 841]","[833, 836, 839, 842]",[477]
478,[2],"[110.29830390000008, 20.020122100000048]",1,转弯结点,"[477, 46, 349]","[477, 46, 349]","[833, 1142, 1143]","[834, 1141, 1144]",[478]
479,[2],"[110.31085100000008, 20.024382900000045]",1,转弯结点,"[315, 316, 47]","[315, 316, 47]","[848, 849, 1157]","[847, 850, 1158]",[479]
480,[2],"[110.31688720000007, 20.027949700000033]",1,转弯结点,"[316, 324, 651, 48]","[316, 324, 651, 48]","[852, 853, 1418, 1419]","[851, 854, 1417, 1420]",[480]
481,[4],"[110.33085630000006, 20.03326130000006]",1,转弯结点,[428],[428],[866],[865],[481]
482,[4],"[110.33101660000007, 20.033060200000033]",1,转弯结点,"[229, 711, 418]","[229, 711, 418]","[867, 1682, 1683]","[868, 1681, 1684]",[482]
483,[4],"[110.32846930000007, 20.037510700000052]",1,转弯结点,"[431, 430, 54]","[431, 430, 54]","[870, 871, 881]","[869, 872, 882]",[483]
484,[4],"[110.329813, 20.037065]",1,转弯结点,[432],[432],[877],[878],[484]
485,[4],"[110.33627500000007, 20.036479900000028]",1,转弯结点,"[439, 429, 335]","[439, 429, 335]","[884, 1810, 1811]","[883, 1809, 1812]",[485]
486,[4],"[110.35971070000006, 20.030569100000047]",1,转弯结点,"[487, 488, 231, 491]","[487, 488, 231, 491]","[890, 891, 902, 903]","[889, 892, 901, 904]",[486]
487,[4],"[110.35999270000003, 20.03347290000006]",1,转弯结点,"[486, 232, 493]","[486, 232, 493]","[889, 906, 907]","[890, 905, 908]",[487]
488,"[4, 5]","[110.36163650000005, 20.026851800000042]",1,转弯结点,"[486, 122, 234]","[486, 122, 234]","[892, 1794, 1795]","[891, 1793, 1796]",[488]
489,[4],"[110.35648600000003, 20.043291700000065]",1,转弯结点,[328],[328],[894],[893],[489]
490,[4],"[110.35560670000008, 20.031963200000074]",1,转弯结点,[117],[117],[895],[896],[490]
491,[4],"[110.35779910000004, 20.030494400000077]",1,转弯结点,"[118, 492, 486]","[118, 492, 486]","[898, 899, 904]","[897, 900, 903]",[491]
492,[4],"[110.35785850000003, 20.033696600000052]",1,转弯结点,[491],[491],[900],[899],[492]
493,[4],"[110.35774800000003, 20.03651480000003]",1,转弯结点,"[487, 389, 368]","[487, 389, 368]","[908, 909, 918]","[907, 910, 917]",[493]
494,[4],"[110.35758970000008, 20.043257900000025]",1,转弯结点,[389],[389],[912],[911],[494]
495,[4],"[110.34963580000006, 20.03441860000005]",1,转弯结点,"[322, 119]","[322, 119]","[913, 920]","[914, 919]",[495]
496,[4],"[110.35305140000004, 20.036454900000034]",1,转弯结点,[368],[368],[915],[916],[496]
497,[19],"[110.34614490000008, 19.989750800000035]",1,转弯结点,"[498, 499, 282]","[498, 499, 282]","[928, 929, 973]","[927, 930, 974]",[497]
498,[19],"[110.35171690000006, 19.98998880000006]",1,转弯结点,"[497, 283, 530]","[497, 283, 530]","[927, 1008, 1009]","[928, 1007, 1010]",[498]
499,[19],"[110.34607910000007, 19.989742600000067]",1,转弯结点,"[497, 221, 542]","[497, 221, 542]","[930, 931, 1652]","[929, 932, 1651]",[499]
500,[19],"[110.3543717541296, 19.996048227930387]",1,转弯结点,"[351, 501, 503, 504]","[351, 501, 503, 504]","[938, 939, 942, 943]","[937, 940, 941, 944]",[500]
501,[19],"[110.35171030000005, 19.995290100000044]",1,转弯结点,"[500, 530, 531, 542]","[500, 530, 531, 542]","[940, 1014, 1015, 1048]","[939, 1013, 1016, 1047]",[501]
502,[19],"[110.36245460000005, 19.998677300000065]",1,转弯结点,"[237, 351, 597]","[237, 351, 597]","[934, 935, 1191]","[933, 936, 1192]",[502]
503,[19],"[110.35458480000007, 19.99231800000008]",1,转弯结点,"[500, 281]","[500, 281]","[941, 946]","[942, 945]",[503]
504,[19],"[110.354376, 19.996127]",1,转弯结点,[500],[500],[944],[943],[504]
505,[18],"[110.33824880000004, 19.99174850000004]",1,转弯结点,"[506, 507, 219]","[506, 507, 219]","[948, 950, 951]","[947, 949, 952]",[505]
506,[18],"[110.33505560000005, 19.995701300000075]",1,转弯结点,"[505, 643]","[505, 643]","[947, 1372]","[948, 1371]",[506]
507,[18],"[110.33624400000004, 19.989976400000057]",1,转弯结点,"[505, 512]","[505, 512]","[949, 966]","[950, 965]",[507]
508,[18],"[110.30449080000007, 19.98304410000004]",1,转弯结点,"[167, 204, 567]","[167, 204, 567]","[953, 1021, 1101]","[954, 1022, 1102]",[508]
509,[18],"[110.32905520000004, 19.98640100000007]",1,转弯结点,"[511, 513]","[511, 513]","[955, 961]","[956, 962]",[509]
510,[18],"[110.32343330000005, 19.978794900000036]",1,转弯结点,"[511, 168, 557]","[511, 168, 557]","[958, 959, 1078]","[957, 960, 1077]",[510]
511,[18],"[110.32694960000005, 19.984122300000035]",1,转弯结点,"[509, 510, 686]","[509, 510, 686]","[956, 957, 1538]","[955, 958, 1537]",[511]
512,[18],"[110.3307468665563, 19.987584203798292]",1,转弯结点,"[513, 507, 562, 563]","[513, 507, 562, 563]","[964, 965, 1094, 1095]","[963, 966, 1093, 1096]",[512]
513,[18],"[110.32928340000008, 19.986649200000056]",1,转弯结点,"[509, 512, 550]","[509, 512, 550]","[962, 963, 1486]","[961, 964, 1485]",[513]
514,[23],"[110.38014260000007, 19.987146900000038]",1,转弯结点,"[278, 515, 627]","[278, 515, 627]","[968, 969, 1293]","[967, 970, 1294]",[514]
515,[23],"[110.38285110000005, 19.984373000000073]",1,转弯结点,"[514, 162, 628]","[514, 162, 628]","[970, 971, 1303]","[969, 972, 1304]",[515]
516,[13],"[110.33153700000004, 20.015039400000045]",1,转弯结点,"[215, 519, 520]","[215, 519, 520]","[975, 980, 981]","[976, 979, 982]",[516]
517,[13],"[110.32936180000003, 20.015179200000045]",1,转弯结点,"[518, 519, 697, 520]","[518, 519, 697, 520]","[978, 1470, 1724, 1725]","[977, 1469, 1723, 1726]",[517]
518,[13],"[110.32886640000005, 20.01647360000005]",1,转弯结点,[517],[517],[977],[978],[518]
519,[13],"[110.33088570000008, 20.013264600000024]",1,转弯结点,"[516, 522, 517]","[516, 522, 517]","[979, 1468, 1469]","[980, 1467, 1470]",[519]
520,[13],"[110.33187749693204, 20.016164424838063]",1,转弯结点,"[516, 521, 517, 10]","[516, 521, 517, 10]","[982, 983, 1726, 1727]","[981, 984, 1725, 1728]",[520]
521,[13],"[110.33205040000009, 20.01656680000003]",1,转弯结点,[520],[520],[984],[983],[521]
522,[13],"[110.33190090000006, 20.009636900000043]",1,转弯结点,"[216, 665, 519]","[216, 665, 519]","[986, 1466, 1467]","[985, 1465, 1468]",[522]
523,[14],"[110.34583200000004, 20.011460800000076]",1,转弯结点,"[336, 700]","[336, 700]","[988, 1769]","[987, 1770]",[523]
524,[5],"[110.34128680000005, 20.021860300000025]",1,转弯结点,"[339, 525, 535]","[339, 525, 535]","[992, 993, 1032]","[991, 994, 1031]",[524]
525,[5],"[110.34277950000008, 20.022162800000057]",1,转弯结点,[524],[524],[994],[993],[525]
526,[14],"[110.35181440000004, 20.01401550000004]",1,转弯结点,"[77, 235, 700]","[77, 235, 700]","[995, 1628, 1629]","[996, 1627, 1630]",[526]
527,[5],"[110.35619580000004, 20.02169740000006]",1,转弯结点,"[378, 528, 538, 537]","[378, 528, 538, 537]","[998, 999, 1036, 1037]","[997, 1000, 1035, 1038]",[527]
528,[5],"[110.35633060000005, 20.019974200000046]",1,转弯结点,"[527, 86, 611, 612]","[527, 86, 611, 612]","[1000, 1001, 1236, 1237]","[999, 1002, 1235, 1238]",[528]
529,[21],"[110.37543350000006, 19.99440580000005]",1,转弯结点,"[265, 279, 241]","[265, 279, 241]","[1004, 1005, 1011]","[1003, 1006, 1012]",[529]
530,[19],"[110.35172690000003, 19.99384340000007]",1,转弯结点,"[498, 501]","[498, 501]","[1010, 1013]","[1009, 1014]",[530]
531,[19],"[110.35087770000008, 19.999302400000044]",1,转弯结点,"[501, 532, 617]","[501, 532, 617]","[1016, 1017, 1260]","[1015, 1018, 1259]",[531]
532,[19],"[110.35050810000008, 20.002384800000026]",1,转弯结点,"[531, 132, 352]","[531, 132, 352]","[1018, 1019, 1261]","[1017, 1020, 1262]",[532]
533,[17],"[110.28741220000008, 19.98719250000006]",1,转弯结点,"[534, 202, 576]","[534, 202, 576]","[1026, 1027, 1282]","[1025, 1028, 1281]",[533]
534,[17],"[110.28504030000006, 19.98719760000007]",1,转弯结点,"[192, 533, 577, 708]","[192, 533, 577, 708]","[1024, 1025, 1736, 1737]","[1023, 1026, 1735, 1738]",[534]
535,[5],"[110.33836840000005, 20.022184200000037]",1,转弯结点,"[536, 524, 10, 381]","[536, 524, 10, 381]","[1030, 1031, 1730, 1731]","[1029, 1032, 1729, 1732]",[535]
536,[5],"[110.33830100000007, 20.022246300000074]",1,转弯结点,[535],[535],[1029],[1030],[536]
537,[5],"[110.35375280000007, 20.021661600000026]",1,转弯结点,"[527, 539, 380, 611]","[527, 539, 380, 611]","[1038, 1039, 1352, 1353]","[1037, 1040, 1351, 1354]",[537]
538,[5],"[110.35863450000006, 20.021305400000028]",1,转弯结点,"[540, 527, 612]","[540, 527, 612]","[1034, 1035, 1360]","[1033, 1036, 1359]",[538]
539,[5],"[110.35144900000007, 20.02152650000006]",1,转弯结点,"[537, 340, 329]","[537, 340, 329]","[1040, 1624, 1625]","[1039, 1623, 1626]",[539]
540,[5],"[110.35906660000008, 20.021428100000048]",1,转弯结点,[538],[538],[1033],[1034],[540]
541,[5],"[110.34381350000008, 20.02793520000007]",1,转弯结点,"[379, 109, 381, 330]","[379, 109, 381, 330]","[1042, 1043, 1398, 1399]","[1041, 1044, 1397, 1400]",[541]
542,[19],"[110.34541140000006, 19.992539900000065]",1,转弯结点,"[222, 501, 499]","[222, 501, 499]","[1046, 1047, 1651]","[1045, 1048, 1652]",[542]
543,[18],"[110.31458570000008, 19.990836300000023]",1,转弯结点,"[128, 549, 551]","[128, 549, 551]","[1050, 1060, 1061]","[1049, 1059, 1062]",[543]
544,[13],"[110.32464110000008, 19.997537700000077]",1,转弯结点,"[546, 547, 587, 143]","[546, 547, 587, 143]","[1054, 1055, 1166, 1167]","[1053, 1056, 1165, 1168]",[544]
545,[13],"[110.31379060000008, 19.997515900000064]",1,转弯结点,"[546, 462, 145]","[546, 462, 145]","[1051, 1332, 1333]","[1052, 1331, 1334]",[545]
546,[13],"[110.32060020000007, 19.997529500000052]",1,转弯结点,"[545, 544, 146, 463]","[545, 544, 146, 463]","[1052, 1053, 1454, 1455]","[1051, 1054, 1453, 1456]",[546]
547,[13],"[110.32878600000005, 19.997546000000067]",1,转弯结点,[544],[544],[1056],[1055],[547]
548,[18],"[110.32061070000005, 19.990840500000058]",1,转弯结点,"[551, 552, 559, 558]","[551, 552, 559, 558]","[1064, 1065, 1080, 1081]","[1063, 1066, 1079, 1082]",[548]
549,[18],"[110.31382100000003, 19.990835800000024]",1,转弯结点,"[554, 543, 560]","[554, 543, 560]","[1058, 1059, 1118]","[1057, 1060, 1117]",[549]
550,[18],"[110.32880480000007, 19.990884300000072]",1,转弯结点,"[553, 643, 644, 513]","[553, 643, 644, 513]","[1070, 1365, 1484, 1485]","[1069, 1366, 1483, 1486]",[550]
551,[18],"[110.31849430000007, 19.990840100000025]",1,转弯结点,"[543, 548, 684]","[543, 548, 684]","[1062, 1063, 1525]","[1061, 1064, 1526]",[551]
552,[18],"[110.32556440000003, 19.990843900000026]",1,转弯结点,"[548, 553, 685]","[548, 553, 685]","[1066, 1067, 1532]","[1065, 1068, 1531]",[552]
553,[18],"[110.32661810000003, 19.99084460000007]",1,转弯结点,"[552, 550, 686, 564]","[552, 550, 686, 564]","[1068, 1069, 1533, 1540]","[1067, 1070, 1534, 1539]",[553]
554,[18],"[110.31002380000008, 19.99083490000005]",1,转弯结点,[549],[549],[1057],[1058],[554]
555,[18],"[110.31481730000003, 19.979267400000037]",1,转弯结点,"[556, 557]","[556, 557]","[1074, 1075]","[1073, 1076]",[555]
556,[18],"[110.31481400000008, 19.977787900000077]",1,转弯结点,"[169, 555, 560, 557]","[169, 555, 560, 557]","[1072, 1073, 1088, 1089]","[1071, 1074, 1087, 1090]",[556]
557,[18],"[110.32169650000004, 19.97892550000007]",1,转弯结点,"[555, 510, 556]","[555, 510, 556]","[1076, 1077, 1090]","[1075, 1078, 1089]",[557]
558,[18],"[110.32060130000004, 19.993022800000073]",1,转弯结点,"[548, 129, 565, 564]","[548, 129, 565, 564]","[1082, 1083, 1098, 1099]","[1081, 1084, 1097, 1100]",[558]
559,[18],"[110.32062030000004, 19.988784000000077]",1,转弯结点,"[548, 684, 685]","[548, 684, 685]","[1079, 1528, 1529]","[1080, 1527, 1530]",[559]
560,[18],"[110.31156270203097, 19.984639218431433]",1,转弯结点,"[561, 556, 572, 549]","[561, 556, 572, 549]","[1086, 1087, 1116, 1117]","[1085, 1088, 1115, 1118]",[560]
561,[18],"[110.31156, 19.984875]",1,转弯结点,[560],[560],[1085],[1086],[561]
562,[18],"[110.3313202321447, 19.984527109931577]",1,转弯结点,"[170, 512, 713, 710]","[170, 512, 713, 710]","[1092, 1093, 1694, 1695]","[1091, 1094, 1693, 1696]",[562]
563,[18],"[110.330721, 19.987636]",1,转弯结点,[512],[512],[1096],[1095],[563]
564,[18],"[110.32614600000007, 19.992746600000043]",1,转弯结点,"[558, 553]","[558, 553]","[1100, 1539]","[1099, 1540]",[564]
565,[18],"[110.31701790000007, 19.993017500000075]",1,转弯结点,[558],[558],[1097],[1098],[565]
566,[18],"[110.304447, 19.990793]",1,转弯结点,"[567, 568, 569, 570]","[567, 568, 569, 570]","[1104, 1105, 1108, 1109]","[1103, 1106, 1107, 1110]",[566]
567,[18],"[110.30451090000004, 19.988808800000026]",1,转弯结点,"[508, 566, 571, 568]","[508, 566, 571, 568]","[1102, 1103, 1112, 1113]","[1101, 1104, 1111, 1114]",[567]
568,[18],"[110.30965660000005, 19.99085720000006]",1,转弯结点,"[566, 567]","[566, 567]","[1106, 1114]","[1105, 1113]",[568]
569,[18],"[110.29948250000008, 19.990856500000074]",1,转弯结点,[566],[566],[1107],[1108],[569]
570,[18],"[110.30447270000003, 19.993288300000028]",1,转弯结点,"[566, 127]","[566, 127]","[1110, 1120]","[1109, 1119]",[570]
571,[18],"[110.30108000000008, 19.988815100000078]",1,转弯结点,[567],[567],[1111],[1112],[571]
572,[18],"[110.30943500000008, 19.984700800000052]",1,转弯结点,[560],[560],[1115],[1116],[572]
573,[17],"[110.28975980000008, 19.984950200000025]",1,转弯结点,"[574, 576]","[574, 576]","[1121, 1125]","[1122, 1126]",[573]
574,[17],"[110.29037100000006, 19.981839200000035]",1,转弯结点,"[573, 575, 203, 618]","[573, 575, 203, 618]","[1122, 1123, 1270, 1271]","[1121, 1124, 1269, 1272]",[574]
575,[17],"[110.29036370000007, 19.98177400000004]",1,转弯结点,"[574, 175]","[574, 175]","[1124, 1798]","[1123, 1797]",[575]
576,[17],"[110.28745250000004, 19.98494050000006]",1,转弯结点,"[573, 577, 533]","[573, 577, 533]","[1126, 1127, 1281]","[1125, 1128, 1282]",[576]
577,[17],"[110.28506700000004, 19.984938500000066]",1,转弯结点,"[576, 578, 618, 534]","[576, 578, 618, 534]","[1128, 1129, 1734, 1735]","[1127, 1130, 1733, 1736]",[577]
578,[17],"[110.28371050000005, 19.984948300000053]",1,转弯结点,[577],[577],[1130],[1129],[578]
579,[9],"[110.28555200000007, 20.003184100000066]",1,转弯结点,"[293, 348, 197]","[293, 348, 197]","[1132, 1133, 1137]","[1131, 1134, 1138]",[579]
580,[2],"[110.30597100000007, 20.021872700000028]",1,转弯结点,"[581, 471, 474]","[581, 471, 474]","[1145, 1266, 1267]","[1146, 1265, 1268]",[580]
581,[2],"[110.30338154408211, 20.016811293131592]",1,转弯结点,"[580, 473, 716, 98]","[580, 473, 716, 98]","[1146, 1147, 1702, 1703]","[1145, 1148, 1701, 1704]",[581]
582,[2],"[110.32317850000005, 20.027083100000038]",1,转弯结点,"[211, 325, 649, 650]","[211, 325, 649, 650]","[1150, 1151, 1408, 1409]","[1149, 1152, 1407, 1410]",[582]
583,[2],"[110.31798900000008, 20.024564000000066]",1,转弯结点,"[325, 313, 651]","[325, 313, 651]","[1154, 1155, 1415]","[1153, 1156, 1416]",[583]
584,[15],"[110.36182360000005, 20.007509800000047]",1,转弯结点,"[586, 585, 138]","[586, 585, 138]","[1160, 1161, 1163]","[1159, 1162, 1164]",[584]
585,[15],"[110.36111040000004, 20.007891200000028]",1,转弯结点,"[584, 244]","[584, 244]","[1162, 1221]","[1161, 1222]",[585]
586,[15],"[110.36666420000007, 20.008282200000064]",1,转弯结点,"[584, 139, 598]","[584, 139, 598]","[1159, 1758, 1759]","[1160, 1757, 1760]",[586]
587,[13],"[110.32881710000005, 19.999752600000033]",1,转弯结点,"[544, 144, 670]","[544, 144, 670]","[1165, 1263, 1487]","[1166, 1264, 1488]",[587]
588,[2],"[110.31928100000006, 20.026890200000036]",1,转弯结点,"[589, 326, 651]","[589, 326, 651]","[1170, 1171, 1414]","[1169, 1172, 1413]",[588]
589,[2],"[110.31884340000006, 20.026986100000055]",1,转弯结点,[588],[588],[1169],[1170],[589]
590,[6],"[110.37590540000004, 20.027390200000024]",1,转弯结点,"[397, 592, 396, 608]","[397, 592, 396, 608]","[1176, 1177, 1224, 1225]","[1175, 1178, 1223, 1226]",[590]
591,[6],"[110.37894790000009, 20.029345600000067]",1,转弯结点,"[592, 257, 413]","[592, 257, 413]","[1180, 1181, 1384]","[1179, 1182, 1383]",[591]
592,[6],"[110.37791580000005, 20.02868220000006]",1,转弯结点,"[590, 591, 646]","[590, 591, 646]","[1178, 1179, 1391]","[1177, 1180, 1392]",[592]
593,[15],"[110.36821270000003, 20.011961300000063]",1,转弯结点,"[594, 598]","[594, 598]","[1186, 1194]","[1185, 1193]",[593]
594,[15],"[110.37017727474104, 20.01514103381317]",1,转弯结点,"[81, 593, 595, 599]","[81, 593, 595, 599]","[1184, 1185, 1196, 1197]","[1183, 1186, 1195, 1198]",[594]
595,[15],"[110.37267300000003, 20.013287500000057]",1,转弯结点,"[596, 82, 594]","[596, 82, 594]","[1188, 1189, 1195]","[1187, 1190, 1196]",[595]
596,[15],"[110.37210440000008, 20.01192980000003]",1,转弯结点,"[595, 604, 601]","[595, 604, 601]","[1187, 1208, 1209]","[1188, 1207, 1210]",[596]
597,[19],"[110.36324130000004, 19.99670550000003]",1,转弯结点,[502],[502],[1192],[1191],[597]
598,[15],"[110.36665790000008, 20.011954600000035]",1,转弯结点,"[593, 600, 586]","[593, 600, 586]","[1193, 1202, 1760]","[1194, 1201, 1759]",[598]
599,[15],"[110.370169, 20.015146]",1,转弯结点,[594],[594],[1198],[1197],[599]
600,[15],"[110.36492700000004, 20.011172300000066]",1,转弯结点,[598],[598],[1201],[1202],[600]
601,[15],"[110.37006550000008, 20.011933500000065]",1,转弯结点,"[602, 596]","[602, 596]","[1204, 1210]","[1203, 1209]",[601]
602,[15],"[110.36914910000003, 20.00976380000004]",1,转弯结点,[601],[601],[1203],[1204],[602]
603,[21],"[110.36529150000008, 20.003569700000025]",1,转弯结点,"[243, 616]","[243, 616]","[1206, 1765]","[1205, 1766]",[603]
604,[15],"[110.37449170000004, 20.01192130000005]",1,转弯结点,"[596, 605, 606]","[596, 605, 606]","[1207, 1214, 1215]","[1208, 1213, 1216]",[604]
605,[15],"[110.37592739123852, 20.01036250503018]",1,转弯结点,"[262, 604, 714, 715]","[262, 604, 714, 715]","[1212, 1213, 1698, 1699]","[1211, 1214, 1697, 1700]",[605]
606,[15],"[110.37422710000006, 20.01212430000005]",1,转弯结点,[604],[604],[1216],[1215],[606]
607,[6],"[110.37841650000009, 20.02378790000007]",1,转弯结点,"[608, 609, 645]","[608, 609, 645]","[1228, 1229, 1373]","[1227, 1230, 1374]",[607]
608,[6],"[110.37732490000003, 20.025341500000035]",1,转弯结点,"[590, 607, 646]","[590, 607, 646]","[1226, 1227, 1375]","[1225, 1228, 1376]",[608]
609,[6],"[110.37956750000008, 20.022149700000067]",1,转弯结点,"[607, 610, 395, 648]","[607, 610, 395, 648]","[1230, 1231, 1386, 1387]","[1229, 1232, 1385, 1388]",[609]
610,[6],"[110.38098630000003, 20.020142200000077]",1,转弯结点,[609],[609],[1232],[1231],[610]
611,[5],"[110.35416320000003, 20.02008710000008]",1,转弯结点,"[340, 528, 537, 89]","[340, 528, 537, 89]","[1234, 1235, 1354, 1355]","[1233, 1236, 1353, 1356]",[611]
612,[5],"[110.35857990000007, 20.019895900000062]",1,转弯结点,"[528, 613, 90, 538]","[528, 613, 90, 538]","[1238, 1239, 1358, 1359]","[1237, 1240, 1357, 1360]",[612]
613,[5],"[110.36117340000006, 20.01969630000003]",1,转弯结点,"[612, 87, 111]","[612, 87, 111]","[1240, 1241, 1647]","[1239, 1242, 1648]",[613]
614,[19],"[110.34531150000005, 19.998232900000072]",1,转弯结点,"[134, 617]","[134, 617]","[1246, 1257]","[1245, 1258]",[614]
615,[21],"[110.36665830000005, 20.004845200000045]",1,转弯结点,"[616, 136]","[616, 136]","[1252, 1761]","[1251, 1762]",[615]
616,[21],"[110.36666490000006, 20.00451320000003]",1,转弯结点,"[443, 615, 603, 137]","[443, 615, 603, 137]","[1250, 1251, 1766, 1767]","[1249, 1252, 1765, 1768]",[616]
617,[19],"[110.34709340000008, 19.997716700000023]",1,转弯结点,"[614, 531]","[614, 531]","[1258, 1259]","[1257, 1260]",[617]
618,[17],"[110.28522640000007, 19.98233030000007]",1,转弯结点,"[574, 619, 173, 577]","[574, 619, 173, 577]","[1272, 1273, 1291, 1733]","[1271, 1274, 1292, 1734]",[618]
619,[17],"[110.28240140266094, 19.982496770851988]",1,转弯结点,"[618, 193, 709, 174]","[618, 193, 709, 174]","[1274, 1275, 1668, 1669]","[1273, 1276, 1667, 1670]",[619]
620,[16],"[110.26835350000006, 19.988598800000045]",1,转弯结点,"[621, 179, 622]","[621, 179, 622]","[1278, 1279, 1286]","[1277, 1280, 1285]",[620]
621,[16],"[110.27359200000008, 19.984983800000077]",1,转弯结点,"[620, 624, 688]","[620, 624, 688]","[1277, 1546, 1547]","[1278, 1545, 1548]",[621]
622,[16],"[110.26803860000008, 19.98786480000008]",1,转弯结点,"[623, 620, 688]","[623, 620, 688]","[1284, 1285, 1550]","[1283, 1286, 1549]",[622]
623,[16],"[110.26723890000007, 19.98631640000003]",1,转弯结点,"[622, 706, 180]","[622, 706, 180]","[1283, 1672, 1673]","[1284, 1671, 1674]",[623]
624,[16],"[110.27429880000007, 19.984574100000042]",1,转弯结点,"[625, 189, 621]","[625, 189, 621]","[1288, 1544, 1545]","[1287, 1543, 1546]",[624]
625,[16],"[110.27298230000004, 19.982850600000074]",1,转弯结点,"[624, 705]","[624, 705]","[1287, 1661]","[1288, 1662]",[625]
626,[16],"[110.27178260000007, 19.990716700000075]",1,转弯结点,[124],[124],[1290],[1289],[626]
627,[23],"[110.38186400000008, 19.98848400000004]",1,转弯结点,"[514, 268, 629]","[514, 268, 629]","[1294, 1295, 1297]","[1293, 1296, 1298]",[627]
628,[23],"[110.38446680000006, 19.985720900000057]",1,转弯结点,"[629, 163, 515]","[629, 163, 515]","[1300, 1301, 1304]","[1299, 1302, 1303]",[628]
629,[23],"[110.38358660000007, 19.98665540000003]",1,转弯结点,"[627, 628, 269]","[627, 628, 269]","[1298, 1299, 1305]","[1297, 1300, 1306]",[629]
630,[17],"[110.28244550000007, 19.993819400000074]",1,转弯结点,"[631, 194, 125]","[631, 194, 125]","[1308, 1309, 1663]","[1307, 1310, 1664]",[630]
631,[17],"[110.28491500000008, 19.993739800000025]",1,转弯结点,"[630, 708, 126]","[630, 708, 126]","[1307, 1740, 1741]","[1308, 1739, 1742]",[631]
632,[10],"[110.28949870000004, 19.99739040000004]",1,转弯结点,"[633, 635, 285, 149]","[633, 635, 285, 149]","[1314, 1315, 1318, 1319]","[1313, 1316, 1317, 1320]",[632]
633,[10],"[110.28675270000004, 19.99768000000007]",1,转弯结点,"[634, 632, 150]","[634, 632, 150]","[1312, 1313, 1321]","[1311, 1314, 1322]",[633]
634,[10],"[110.28483640000003, 19.997679900000048]",1,转弯结点,"[633, 151, 286]","[633, 151, 286]","[1311, 1744, 1745]","[1312, 1743, 1746]",[634]
635,[10],"[110.29089030000007, 19.99724120000003]",1,转弯结点,[632],[632],[1316],[1315],[635]
636,[13],"[110.31049210000005, 20.005507700000077]",1,转弯结点,"[461, 638, 667]","[461, 638, 667]","[1326, 1600, 1601]","[1325, 1599, 1602]",[636]
637,[13],"[110.308884, 20.001907]",1,转弯结点,[461],[461],[1323],[1324],[637]
638,[13],"[110.31411100000004, 20.00389880000007]",1,转弯结点,"[639, 462, 680, 636]","[639, 462, 680, 636]","[1328, 1329, 1598, 1599]","[1327, 1330, 1597, 1600]",[638]
639,[13],"[110.31470650000007, 20.005637000000046]",1,转弯结点,[638],[638],[1327],[1328],[639]
640,[12],"[110.29900660000006, 19.997808400000064]",1,转弯结点,"[206, 641, 148, 287]","[206, 641, 148, 287]","[1336, 1337, 1342, 1343]","[1335, 1338, 1341, 1344]",[640]
641,[12],"[110.30249740000006, 19.997821600000076]",1,转弯结点,"[640, 296, 288]","[640, 296, 288]","[1338, 1339, 1778]","[1337, 1340, 1777]",[641]
642,[6],"[110.36892310000003, 20.018232500000078]",1,转弯结点,[384],[384],[1363],[1364],[642]
643,[18],"[110.33373710000008, 19.995052800000064]",1,转弯结点,"[550, 130, 644, 506]","[550, 130, 644, 506]","[1366, 1367, 1370, 1371]","[1365, 1368, 1369, 1372]",[643]
644,[18],"[110.32883460000006, 19.993246100000032]",1,转弯结点,"[643, 131, 550]","[643, 131, 550]","[1369, 1482, 1483]","[1370, 1481, 1484]",[644]
645,[6],"[110.38044510000005, 20.025042600000074]",1,转弯结点,"[607, 646, 648]","[607, 646, 648]","[1374, 1394, 1395]","[1373, 1393, 1396]",[645]
646,[6],"[110.37938310000006, 20.02654990000003]",1,转弯结点,"[608, 258, 592, 645]","[608, 258, 592, 645]","[1376, 1377, 1392, 1393]","[1375, 1378, 1391, 1394]",[646]
647,[6],"[110.37282250000005, 20.037604100000078]",1,转弯结点,"[409, 416, 261]","[409, 416, 261]","[1379, 1790, 1791]","[1380, 1789, 1792]",[647]
648,[6],"[110.38166370000006, 20.02331570000008]",1,转弯结点,"[609, 259, 645]","[609, 259, 645]","[1388, 1389, 1396]","[1387, 1390, 1395]",[648]
649,[2],"[110.32207580000006, 20.02818940000004]",1,转弯结点,"[327, 212, 582]","[327, 212, 582]","[1404, 1405, 1407]","[1403, 1406, 1408]",[649]
650,[2],"[110.32578570000005, 20.023933200000055]",1,转弯结点,"[582, 214, 300]","[582, 214, 300]","[1410, 1754, 1755]","[1409, 1753, 1756]",[650]
651,[2],"[110.31756160000005, 20.026143200000046]",1,转弯结点,"[652, 588, 583, 480]","[652, 588, 583, 480]","[1412, 1413, 1416, 1417]","[1411, 1414, 1415, 1418]",[651]
652,[2],"[110.31651020000005, 20.02388140000006]",1,转弯结点,[651],[651],[1411],[1412],[652]
653,[2],"[110.32180490000003, 20.020006800000044]",1,转弯结点,"[94, 314]","[94, 314]","[1422, 1423]","[1421, 1424]",[653]
654,[2],"[110.325015, 20.022664]",1,转弯结点,[301],[301],[1427],[1428],[654]
655,[20],"[110.36687860000008, 19.983789300000023]",1,转弯结点,"[333, 656, 658, 275]","[333, 656, 658, 275]","[1432, 1433, 1440, 1441]","[1431, 1434, 1439, 1442]",[655]
656,[20],"[110.36901940000008, 19.98372390000004]",1,转弯结点,"[655, 657, 659]","[655, 657, 659]","[1434, 1435, 1445]","[1433, 1436, 1446]",[656]
657,[20],"[110.37050200000006, 19.98374400000007]",1,转弯结点,[656],[656],[1436],[1435],[657]
658,[20],"[110.36676790000008, 19.979805700000053]",1,转弯结点,"[166, 655, 659]","[166, 655, 659]","[1438, 1439, 1444]","[1437, 1440, 1443]",[658]
659,[20],"[110.36899830000006, 19.979830900000035]",1,转弯结点,"[658, 656]","[658, 656]","[1443, 1446]","[1444, 1445]",[659]
660,[13],"[110.32056520000005, 20.00364920000005]",1,转弯结点,"[661, 662]","[661, 662]","[1448, 1449]","[1447, 1450]",[660]
661,[13],"[110.32059480000005, 20.005503000000044]",1,转弯结点,"[660, 666, 680]","[660, 666, 680]","[1447, 1594, 1595]","[1448, 1593, 1596]",[661]
662,[13],"[110.32052190000003, 20.00269990000005]",1,转弯结点,"[660, 463]","[660, 463]","[1450, 1451]","[1449, 1452]",[662]
663,[13],"[110.32535600000007, 20.003917500000068]",1,转弯结点,"[463, 304, 666, 670]","[463, 304, 666, 670]","[1458, 1459, 1471, 1496]","[1457, 1460, 1472, 1495]",[663]
664,[13],"[110.32929730000008, 20.006915600000024]",1,转弯结点,"[304, 665, 676]","[304, 665, 676]","[1462, 1463, 1507]","[1461, 1464, 1508]",[664]
665,[13],"[110.33078950000005, 20.00838630000005]",1,转弯结点,"[664, 522, 679]","[664, 522, 679]","[1464, 1465, 1514]","[1463, 1466, 1513]",[665]
666,[13],"[110.32186490000005, 20.006026900000062]",1,转弯结点,"[663, 305, 661]","[663, 305, 661]","[1472, 1592, 1593]","[1471, 1591, 1594]",[666]
667,[13],"[110.30965690000006, 20.007775400000025]",1,转弯结点,"[298, 668, 636]","[298, 668, 636]","[1474, 1475, 1602]","[1473, 1476, 1601]",[667]
668,[13],"[110.31237740000007, 20.00756560000003]",1,转弯结点,[667],[667],[1476],[1475],[668]
669,[13],"[110.31563280000007, 20.015173300000026]",1,转弯结点,"[74, 303]","[74, 303]","[1478, 1479]","[1477, 1480]",[669]
670,[13],"[110.32860530000006, 20.001834400000075]",1,转弯结点,"[587, 672, 663]","[587, 672, 663]","[1488, 1494, 1495]","[1487, 1493, 1496]",[670]
671,[13],"[110.33367300000005, 20.00042430000003]",1,转弯结点,"[673, 672, 674]","[673, 672, 674]","[1490, 1491, 1502]","[1489, 1492, 1501]",[671]
672,[13],"[110.32923630000006, 20.001701700000023]",1,转弯结点,"[671, 670, 676]","[671, 670, 676]","[1492, 1493, 1506]","[1491, 1494, 1505]",[672]
673,[13],"[110.3356, 19.999021]",1,转弯结点,"[671, 675, 147]","[671, 675, 147]","[1489, 1680, 1813]","[1490, 1679, 1814]",[673]
674,[13],"[110.33373150000007, 20.00303310000005]",1,转弯结点,"[675, 671, 676]","[675, 671, 676]","[1500, 1501, 1503]","[1499, 1502, 1504]",[674]
675,[13],"[110.33962820000006, 20.00483870000006]",1,转弯结点,"[217, 674, 218, 673]","[217, 674, 218, 673]","[1498, 1499, 1678, 1679]","[1497, 1500, 1677, 1680]",[675]
676,[13],"[110.33160800000003, 20.004050800000027]",1,转弯结点,"[674, 672, 664]","[674, 672, 664]","[1504, 1505, 1508]","[1503, 1506, 1507]",[676]
677,[13],"[110.32367020000005, 20.009772400000042]",1,转弯结点,"[678, 695, 305]","[678, 695, 305]","[1509, 1588, 1589]","[1510, 1587, 1590]",[677]
678,[13],"[110.32607810000003, 20.009311600000057]",1,转弯结点,"[677, 679, 306, 696]","[677, 679, 306, 696]","[1510, 1511, 1606, 1607]","[1509, 1512, 1605, 1608]",[678]
679,[13],"[110.32748450000004, 20.008913000000074]",1,转弯结点,"[678, 665, 307, 699]","[678, 665, 307, 699]","[1512, 1513, 1614, 1615]","[1511, 1514, 1613, 1616]",[679]
680,[13],"[110.31779390000004, 20.004521300000032]",1,转弯结点,"[464, 661, 638]","[464, 661, 638]","[1515, 1596, 1597]","[1516, 1595, 1598]",[680]
681,[13],"[110.318244, 20.000047]",1,转弯结点,[464],[464],[1518],[1517],[681]
682,[14],"[110.34434940000007, 20.00818810000005]",1,转弯结点,"[141, 683, 224, 337]","[141, 683, 224, 337]","[1520, 1521, 1618, 1619]","[1519, 1522, 1617, 1620]",[682]
683,[14],"[110.34325010000005, 20.01426700000003]",1,转弯结点,"[682, 78, 700, 79]","[682, 78, 700, 79]","[1522, 1523, 1632, 1633]","[1521, 1524, 1631, 1634]",[683]
684,[18],"[110.31849430000007, 19.988818700000035]",1,转弯结点,"[551, 559]","[551, 559]","[1526, 1527]","[1525, 1528]",[684]
685,[18],"[110.32558290000004, 19.988752500000043]",1,转弯结点,"[559, 552, 686]","[559, 552, 686]","[1530, 1531, 1535]","[1529, 1532, 1536]",[685]
686,[18],"[110.32567530000007, 19.985335900000063]",1,转弯结点,"[553, 685, 511]","[553, 685, 511]","[1534, 1536, 1537]","[1533, 1535, 1538]",[686]
687,[18],"[110.33689560000006, 19.981499100000075]",1,转弯结点,"[172, 710]","[172, 710]","[1541, 1676]","[1542, 1675]",[687]
688,[16],"[110.27236730000006, 19.985551500000053]",1,转弯结点,"[621, 622, 705]","[621, 622, 705]","[1548, 1549, 1653]","[1547, 1550, 1654]",[688]
689,[11],"[110.30028540000008, 20.00998100000005]",1,转弯结点,"[690, 469, 457, 692]","[690, 469, 457, 692]","[1554, 1555, 1560, 1561]","[1553, 1556, 1559, 1562]",[689]
690,[11],"[110.29844590000006, 20.009688100000073]",1,转弯结点,"[456, 689, 693, 460]","[456, 689, 693, 460]","[1552, 1553, 1580, 1581]","[1551, 1554, 1579, 1582]",[690]
691,[11],"[110.30039920000003, 20.004912700000045]",1,转弯结点,"[467, 290, 458]","[467, 290, 458]","[1566, 1567, 1572]","[1565, 1568, 1571]",[691]
692,[11],"[110.30045990000004, 20.008013600000037]",1,转弯结点,"[689, 467, 693]","[689, 467, 693]","[1562, 1563, 1573]","[1561, 1564, 1574]",[692]
693,[11],"[110.29929280000006, 20.007865700000036]",1,转弯结点,"[692, 459, 690]","[692, 459, 690]","[1574, 1575, 1579]","[1573, 1576, 1580]",[693]
694,[11],"[110.30447520000008, 20.01086090000008]",1,转弯结点,[465],[465],[1583],[1584],[694]
695,[13],"[110.32379450474585, 20.0119932477964]",1,转弯结点,"[302, 677, 696, 698]","[302, 677, 696, 698]","[1586, 1587, 1610, 1611]","[1585, 1588, 1609, 1612]",[695]
696,[13],"[110.32549660000008, 20.012582100000042]",1,转弯结点,"[697, 678, 695]","[697, 678, 695]","[1604, 1608, 1609]","[1603, 1607, 1610]",[696]
697,[13],"[110.32568960000005, 20.013991300000054]",1,转弯结点,"[696, 302, 517]","[696, 302, 517]","[1603, 1722, 1723]","[1604, 1721, 1724]",[697]
698,[13],"[110.323761, 20.01198]",1,转弯结点,[695],[695],[1612],[1611],[698]
699,[13],"[110.32819030000003, 20.011509900000032]",1,转弯结点,[679],[679],[1616],[1615],[699]
700,[14],"[110.34594210000007, 20.01417950000008]",1,转弯结点,"[526, 683, 523, 80]","[526, 683, 523, 80]","[1630, 1631, 1770, 1771]","[1629, 1632, 1769, 1772]",[700]
701,[0],"[110.26915310000005, 20.01631370000008]",1,转弯结点,"[702, 102, 182, 704]","[702, 102, 182, 704]","[1638, 1639, 1644, 1645]","[1637, 1640, 1643, 1646]",[701]
702,[0],"[110.26909730000007, 20.01813930000004]",1,转弯结点,[701],[701],[1637],[1638],[702]
703,[7],"[110.27148700000005, 20.00807720000007]",1,转弯结点,[66],[66],[1642],[1641],[703]
704,[0],"[110.27114830000006, 20.016520400000058]",1,转弯结点,[701],[701],[1646],[1645],[704]
705,[16],"[110.27138830000008, 19.983636100000023]",1,转弯结点,"[688, 706, 625]","[688, 706, 625]","[1654, 1655, 1662]","[1653, 1656, 1661]",[705]
706,[16],"[110.26817060000003, 19.985555600000065]",1,转弯结点,"[705, 623]","[705, 623]","[1656, 1671]","[1655, 1672]",[706]
707,[4],"[110.34774210000008, 20.036039500000026]",1,转弯结点,[323],[323],[1660],[1659],[707]
708,[17],"[110.28501350000006, 19.98937030000003]",1,转弯结点,"[195, 534, 631]","[195, 534, 631]","[1666, 1738, 1739]","[1665, 1737, 1740]",[708]
709,[17],"[110.282391, 19.982511]",1,转弯结点,[619],[619],[1667],[1668],[709]
710,[18],"[110.33875, 19.984687]",1,转弯结点,"[687, 562, 27]","[687, 562, 27]","[1675, 1696, 1717]","[1676, 1695, 1718]",[710]
711,[4],"[110.33098270000006, 20.03309820000005]",1,转弯结点,[482],[482],[1681],[1682],[711]
712,[4],"[110.33400640000004, 20.030971200000078]",1,转弯结点,"[310, 309, 230]","[310, 309, 230]","[1689, 1750, 1751]","[1690, 1749, 1752]",[712]
713,[18],"[110.331241, 19.98451]",1,转弯结点,[562],[562],[1693],[1694],[713]
714,[15],"[110.37076, 20.007409]",1,转弯结点,"[605, 722]","[605, 722]","[1697, 1764]","[1698, 1763]",[714]
715,[15],"[110.375929, 20.010365]",1,转弯结点,[605],[605],[1700],[1699],[715]
716,[2],"[110.303468, 20.016844]",1,转弯结点,[581],[581],[1701],[1702],[716]
717,[8],"[110.276845, 19.998715]",1,转弯结点,[187],[187],[1706],[1705],[717]
718,[8],"[110.276241, 20.001141]",1,转弯结点,[188],[188],[1708],[1707],[718]
719,[7],"[110.275412, 20.006389]",1,转弯结点,[184],[184],[1710],[1709],[719]
720,[7],"[110.276766, 20.003537]",1,转弯结点,[185],[185],[1712],[1711],[720]
721,[22],"[110.375308, 19.980734]",1,转弯结点,[253],[253],[1720],[1719],[721]
722,[15],"[110.36927240449697, 20.006294303700358]",1,转弯结点,[714],[714],[1763],[1764],[722]
723,[11],"[110.30275170000006, 20.006114600000057]",1,转弯结点,[291],[291],[1779],[1780],[723]
