id,neighbor,inner_edge_ids,primary_edge_ids,vertexes,final_inner_edges,polyline
0,"[1,7]","[70, 77, 79, 80, 81, 299, 301]","[57, 0, 58, 21]","[0,1,6,5]","[0, 1, 2, 37, 38, 39, 40, 41, 87, 88, 89, 90, 192, 193, 203, 204, 205, 206, 207, 228, 229, 703, 704, 705, 706, 739, 740, 745, 746, 747, 748, 749, 750, 751, 752, 1637, 1638, 1639, 1640, 1643, 1644, 1645, 1646]","[[110.266378, 20.011587], [110.266489, 20.011762], [110.266497, 20.012036], [110.266502, 20.012951], [110.266502, 20.013338], [110.266489, 20.014397], [110.26648, 20.015356], [110.26648, 20.015534], [110.26648, 20.01579], [110.26648, 20.017088], [110.26648, 20.017478], [110.266476, 20.01822], [110.266476, 20.019353], [110.266467, 20.01941], [110.266445, 20.020343], [110.26626, 20.022994], [110.26626, 20.022994], [110.266411, 20.02293], [110.269219, 20.022869], [110.270048, 20.022795], [110.270369, 20.022743], [110.270482, 20.022721], [110.271128, 20.022548], [110.272023, 20.022244], [110.272205, 20.022183], [110.273898, 20.021597], [110.275013, 20.021233], [110.275981, 20.020959], [110.276558, 20.020816], [110.277682, 20.020582], [110.280152, 20.020091], [110.28076, 20.019961], [110.281267, 20.019852], [110.282036, 20.019701], [110.282595, 20.019632], [110.282595, 20.019632], [110.282526, 20.019588], [110.282405, 20.018889], [110.282352, 20.018563], [110.282305, 20.01832], [110.282105, 20.017496], [110.281992, 20.017088], [110.281905, 20.016788], [110.281801, 20.016376], [110.281762, 20.016246], [110.281541, 20.015343], [110.281445, 20.015], [110.28138, 20.014727], [110.281332, 20.014397], [110.281334, 20.013397], [110.281334, 20.013397], [110.28076, 20.013381], [110.279345, 20.013247], [110.278238, 20.01316], [110.274232, 20.012908], [110.273663, 20.012839], [110.273663, 20.012839], [110.27355, 20.012865], [110.273433, 20.012865], [110.272799, 20.012782], [110.269957, 20.012222], [110.269848, 20.012174], [110.26967, 20.012135], [110.269501, 20.012101], [110.26885, 20.011988], [110.268416, 20.011931], [110.267865, 20.011875], [110.266378, 20.011587]]"
1,"[0,2,9]","[76, 78, 82, 83, 84, 85]","[65, 1, 66, 20]","[1,2,7,6]","[3, 4, 5, 6, 7, 35, 36, 42, 43, 44, 45, 85, 86, 206, 207, 228, 229, 230, 231, 248, 249, 737, 738, 741, 742, 743, 744, 753, 754, 755, 756, 757, 758, 759, 760, 761, 762, 763, 764, 765, 766, 767, 768]","[[110.281334, 20.013397], [110.281415, 20.013546], [110.281437, 20.014397], [110.281463, 20.014614], [110.28151, 20.014905], [110.281693, 20.015543], [110.281858, 20.016228], [110.282083, 20.017088], [110.282196, 20.017496], [110.282391, 20.018294], [110.282457, 20.018542], [110.282595, 20.019632], [110.282595, 20.019632], [110.282639, 20.019566], [110.283815, 20.019171], [110.284557, 20.018928], [110.285052, 20.018785], [110.285651, 20.01865], [110.285747, 20.018633], [110.286246, 20.018563], [110.28648, 20.018563], [110.286849, 20.018585], [110.287118, 20.01862], [110.287439, 20.018702], [110.28773, 20.018785], [110.288008, 20.018889], [110.28839, 20.019063], [110.288893, 20.01931], [110.288997, 20.019362], [110.289423, 20.019566], [110.289926, 20.019813], [110.29026, 20.019952], [110.290829, 20.020135], [110.291033, 20.020195], [110.291567, 20.020343], [110.292383, 20.020538], [110.292678, 20.020612], [110.293073, 20.020703], [110.294359, 20.021103], [110.294359, 20.021103], [110.294288, 20.020964], [110.294284, 20.020291], [110.294284, 20.019722], [110.294284, 20.019631], [110.294288, 20.018876], [110.294293, 20.018142], [110.294284, 20.017595], [110.294301, 20.017088], [110.294306, 20.016897], [110.294306, 20.016719], [110.294306, 20.016476], [110.294306, 20.016141], [110.29431, 20.015321], [110.294314, 20.015004], [110.294314, 20.014683], [110.294314, 20.014453], [110.29438, 20.01319], [110.29438, 20.01319], [110.294371, 20.01326], [110.291345, 20.013138], [110.288885, 20.013047], [110.288416, 20.013047], [110.287643, 20.013112], [110.286814, 20.013264], [110.285421, 20.013555], [110.284996, 20.013628], [110.284648, 20.013672], [110.28385, 20.013702], [110.281334, 20.013397]]"
2,"[1,3,4,11,13]","[0, 7, 8, 12, 23, 96, 97, 98, 99, 100, 101, 102, 103, 104, 176, 177, 178, 179, 183, 209, 244, 245, 246, 247, 248, 249, 251, 320, 326, 334]","[73, 2, 74, 25, 18, 19]","[2,3,9,8,33,7]","[8, 9, 10, 11, 12, 13, 14, 15, 16, 30, 31, 32, 33, 34, 46, 47, 48, 49, 50, 51, 52, 53, 77, 78, 79, 80, 81, 82, 83, 84, 91, 92, 113, 114, 230, 231, 248, 249, 250, 251, 252, 253, 254, 273, 274, 275, 276, 277, 278, 279, 381, 382, 383, 384, 409, 410, 411, 412, 413, 414, 415, 416, 431, 432, 433, 434, 435, 436, 437, 438, 439, 440, 487, 488, 819, 820, 821, 822, 823, 824, 825, 826, 827, 828, 829, 830, 831, 832, 833, 834, 835, 836, 837, 838, 839, 840, 841, 842, 843, 844, 845, 846, 847, 848, 849, 850, 851, 852, 853, 854, 1141, 1142, 1143, 1144, 1145, 1146, 1147, 1148, 1149, 1150, 1151, 1152, 1153, 1154, 1155, 1156, 1157, 1158, 1169, 1170, 1171, 1172, 1265, 1266, 1267, 1268, 1403, 1404, 1405, 1406, 1407, 1408, 1409, 1410, 1411, 1412, 1413, 1414, 1415, 1416, 1417, 1418, 1419, 1420, 1421, 1422, 1423, 1424, 1427, 1428, 1429, 1430, 1701, 1702, 1703, 1704, 1715, 1716, 1753, 1754, 1755, 1756]","[[110.29438, 20.01319], [110.294453, 20.014792], [110.294462, 20.015399], [110.294466, 20.01605], [110.294462, 20.01648], [110.294462, 20.01671], [110.294462, 20.017088], [110.294462, 20.017604], [110.294449, 20.018155], [110.294453, 20.018876], [110.29447, 20.019618], [110.294475, 20.019718], [110.294475, 20.020286], [110.294484, 20.020651], [110.294359, 20.021103], [110.294359, 20.021103], [110.294449, 20.021046], [110.295464, 20.021337], [110.297031, 20.021732], [110.297747, 20.021905], [110.298832, 20.022157], [110.299557, 20.022331], [110.299631, 20.022348], [110.300638, 20.022609], [110.301402, 20.022847], [110.301489, 20.022882], [110.30224, 20.023194], [110.302734, 20.023403], [110.303359, 20.023672], [110.304735, 20.024253], [110.304796, 20.02428], [110.305616, 20.02464], [110.305738, 20.024696], [110.306502, 20.025026], [110.307695, 20.025551], [110.308407, 20.025885], [110.308498, 20.025929], [110.309171, 20.02628], [110.30934, 20.026372], [110.309718, 20.026593], [110.310586, 20.027109], [110.311662, 20.027743], [110.31174, 20.027786], [110.312096, 20.027999], [110.312209, 20.028073], [110.312899, 20.028537], [110.313273, 20.028793], [110.31375, 20.029132], [110.313854, 20.029201], [110.314431, 20.029596], [110.314579, 20.029696], [110.315039, 20.030022], [110.315082, 20.030048], [110.315907, 20.030621], [110.316155, 20.030781], [110.316641, 20.031072], [110.317231, 20.031345], [110.317795, 20.031606], [110.318537, 20.031936], [110.318663, 20.032001], [110.319006, 20.032183], [110.319562, 20.032496], [110.319926, 20.032708], [110.320356, 20.032973], [110.321484, 20.033624], [110.322044, 20.033963], [110.322448, 20.034223], [110.322591, 20.034293], [110.323359, 20.034797], [110.323359, 20.034797], [110.323281, 20.034618], [110.323381, 20.034475], [110.324449, 20.03309], [110.324596, 20.032882], [110.324705, 20.032747], [110.325043, 20.032322], [110.325226, 20.032101], [110.325825, 20.03135], [110.326055, 20.03105], [110.326302, 20.030747], [110.32697, 20.029905], [110.327023, 20.029839], [110.327326, 20.029436], [110.327526, 20.02918], [110.327886, 20.028741], [110.328129, 20.028424], [110.328407, 20.028073], [110.328711, 20.027687], [110.329523, 20.026662], [110.330135, 20.025885], [110.330686, 20.025182], [110.331042, 20.024709], [110.331237, 20.024414], [110.331736, 20.023741], [110.331871, 20.023563], [110.332075, 20.023277], [110.332153, 20.023177], [110.332153, 20.023177], [110.332714, 20.022867], [110.332714, 20.022867], [110.332556, 20.022947], [110.3325, 20.022925], [110.332435, 20.022904], [110.331489, 20.022582], [110.330677, 20.022292], [110.330547, 20.02224], [110.330247, 20.022092], [110.330247, 20.022092], [110.329839, 20.021845], [110.329705, 20.02168], [110.32934, 20.021424], [110.329136, 20.021263], [110.32898, 20.02112], [110.328793, 20.020937], [110.328433, 20.020564], [110.328056, 20.020178], [110.32747, 20.019609], [110.327118, 20.019253], [110.327066, 20.019201], [110.326797, 20.018924], [110.326732, 20.018859], [110.326298, 20.018403], [110.325924, 20.018051], [110.325751, 20.017912], [110.325282, 20.017569], [110.324939, 20.017352], [110.324705, 20.017222], [110.32454, 20.017135], [110.324341, 20.016986], [110.324341, 20.016986], [110.324253, 20.016897], [110.323138, 20.016558], [110.322778, 20.016458], [110.322339, 20.016363], [110.32191, 20.016306], [110.321406, 20.016267], [110.321037, 20.016254], [110.32053, 20.016272], [110.320195, 20.016298], [110.319718, 20.016363], [110.319392, 20.016428], [110.316953, 20.017027], [110.316675, 20.017088], [110.316523, 20.017118], [110.316159, 20.017174], [110.315916, 20.017187], [110.315512, 20.017183], [110.314978, 20.017153], [110.314384, 20.017088], [110.314136, 20.017062], [110.312478, 20.016866], [110.310412, 20.016636], [110.310004, 20.016589], [110.306853, 20.016164], [110.306853, 20.016164], [110.305516, 20.016072], [110.304627, 20.015911], [110.304197, 20.015807], [110.303134, 20.015477], [110.302734, 20.015352], [110.299839, 20.014449], [110.299839, 20.014449], [110.299666, 20.014397], [110.299488, 20.014336], [110.297396, 20.013681], [110.296849, 20.013524], [110.296215, 20.01339], [110.295694, 20.013329], [110.29438, 20.01319]]"
3,"[2,5,13]",[],"[17, 22, 75]","[8,9,10]","[54, 76, 91, 92, 113, 114, 255, 272]","[[110.335134, 20.01749], [110.335091, 20.017543], [110.333342, 20.017595], [110.33204, 20.017682], [110.331168, 20.017765], [110.330017, 20.01786], [110.329319, 20.017856], [110.328641, 20.017808], [110.328273, 20.017752], [110.32536, 20.017183], [110.324948, 20.017088], [110.324835, 20.017062], [110.324341, 20.016986], [110.324341, 20.016986], [110.324926, 20.017183], [110.325109, 20.017296], [110.325356, 20.01747], [110.325994, 20.017973], [110.326267, 20.01822], [110.326827, 20.018776], [110.327153, 20.01911], [110.327205, 20.019162], [110.327804, 20.01977], [110.328155, 20.020135], [110.328507, 20.02049], [110.329054, 20.021042], [110.32918, 20.021172], [110.329475, 20.021428], [110.329666, 20.021567], [110.329666, 20.021567], [110.329857, 20.021654], [110.330117, 20.021793], [110.33066, 20.022036], [110.330773, 20.022083], [110.331597, 20.02237], [110.3325, 20.022687], [110.3326, 20.022721], [110.332714, 20.022867], [110.332714, 20.022867], [110.332656, 20.022244], [110.332769, 20.022001], [110.332973, 20.021528], [110.333168, 20.021133], [110.333364, 20.020799], [110.333798, 20.020095], [110.333798, 20.020095], [110.334214, 20.019245], [110.335134, 20.01749]]"
4,"[2,5,6]","[4, 5, 6, 9, 11, 13, 16, 17, 21, 26, 27, 28, 29, 30, 31, 32, 33, 34, 35, 36, 37, 38, 39, 40, 41, 42, 43, 47, 48, 65, 66, 67, 68, 69, 71, 72, 73, 74, 105, 106, 107, 108, 109, 110, 111, 112, 113, 114, 115, 116, 117, 118, 119, 120, 121, 122, 123, 124, 125, 175, 204, 250, 306, 314, 316, 333, 343, 345, 350]","[83, 3, 84, 24]","[3,4,11,9]","[17, 18, 19, 20, 21, 22, 23, 24, 25, 26, 27, 28, 29, 93, 94, 95, 96, 97, 98, 99, 100, 101, 102, 103, 104, 105, 106, 107, 108, 109, 110, 111, 112, 250, 251, 252, 253, 254, 273, 274, 275, 276, 277, 278, 279, 280, 281, 282, 283, 284, 301, 302, 303, 304, 305, 306, 307, 308, 309, 395, 396, 397, 398, 399, 400, 401, 402, 403, 404, 405, 406, 407, 408, 417, 418, 423, 424, 425, 426, 427, 428, 429, 430, 441, 442, 457, 458, 459, 460, 477, 478, 497, 498, 499, 500, 501, 502, 503, 504, 505, 506, 507, 508, 509, 510, 511, 512, 513, 514, 515, 516, 517, 518, 519, 520, 521, 522, 523, 524, 525, 526, 527, 528, 529, 530, 531, 532, 533, 534, 535, 536, 537, 538, 539, 540, 541, 542, 543, 544, 545, 546, 547, 548, 549, 550, 551, 552, 553, 554, 555, 556, 557, 558, 559, 560, 561, 562, 563, 564, 565, 566, 567, 568, 569, 570, 593, 594, 595, 596, 597, 598, 669, 670, 671, 672, 673, 674, 675, 676, 677, 678, 679, 680, 681, 682, 683, 684, 685, 686, 687, 688, 689, 690, 691, 692, 693, 694, 695, 696, 697, 698, 699, 700, 701, 702, 707, 708, 709, 710, 711, 712, 713, 714, 715, 716, 717, 718, 719, 720, 721, 722, 723, 724, 725, 726, 727, 728, 729, 730, 731, 732, 855, 856, 857, 858, 859, 860, 861, 862, 863, 864, 865, 866, 867, 868, 869, 870, 871, 872, 873, 874, 875, 876, 877, 878, 879, 880, 881, 882, 883, 884, 885, 886, 887, 888, 889, 890, 891, 892, 893, 894, 895, 896, 897, 898, 899, 900, 901, 902, 903, 904, 905, 906, 907, 908, 909, 910, 911, 912, 913, 914, 915, 916, 917, 918, 919, 920, 921, 922, 923, 924, 925, 926, 1139, 1140, 1253, 1254, 1255, 1256, 1425, 1426, 1657, 1658, 1659, 1660, 1681, 1682, 1683, 1684, 1689, 1690, 1747, 1748, 1749, 1750, 1751, 1752, 1781, 1782, 1805, 1806, 1807, 1808, 1809, 1810, 1811, 1812]","[[110.332714, 20.022867], [110.332682, 20.023359], [110.332617, 20.023451], [110.332318, 20.023854], [110.332079, 20.024128], [110.331806, 20.02447], [110.331198, 20.025152], [110.329822, 20.026871], [110.32895, 20.027956], [110.328859, 20.028073], [110.32829, 20.028793], [110.32822, 20.02888], [110.327973, 20.029201], [110.327378, 20.029961], [110.327248, 20.030122], [110.326814, 20.030686], [110.326771, 20.030742], [110.326415, 20.031198], [110.326237, 20.031411], [110.325469, 20.032391], [110.324931, 20.033077], [110.324796, 20.033251], [110.324705, 20.033368], [110.324653, 20.033438], [110.324653, 20.033438], [110.324427, 20.033676], [110.323359, 20.034797], [110.323359, 20.034797], [110.323928, 20.035052], [110.324327, 20.035278], [110.324553, 20.035451], [110.324705, 20.035595], [110.324722, 20.035612], [110.324983, 20.035959], [110.325139, 20.036302], [110.32546, 20.03737], [110.325599, 20.037804], [110.325655, 20.037938], [110.32576, 20.038155], [110.325937, 20.038416], [110.326128, 20.038641], [110.326432, 20.038932], [110.32661, 20.039062], [110.326992, 20.039319], [110.327821, 20.039844], [110.328199, 20.040074], [110.328477, 20.040217], [110.328819, 20.040365], [110.329206, 20.040486], [110.330152, 20.040638], [110.330816, 20.040738], [110.331645, 20.040842], [110.331984, 20.040898], [110.332665, 20.040981], [110.333277, 20.041098], [110.33362, 20.041202], [110.333837, 20.04128], [110.334323, 20.041502], [110.334844, 20.041814], [110.33526, 20.04207], [110.335369, 20.042135], [110.335885, 20.042461], [110.336306, 20.042756], [110.336385, 20.042804], [110.336636, 20.042921], [110.336892, 20.043003], [110.337148, 20.043051], [110.337578, 20.043134], [110.338772, 20.043329], [110.339206, 20.043398], [110.340091, 20.04355], [110.340499, 20.043633], [110.340846, 20.043702], [110.341046, 20.04375], [110.341385, 20.043841], [110.341628, 20.043928], [110.342396, 20.044201], [110.342739, 20.044301], [110.343568, 20.04451], [110.344167, 20.044661], [110.344753, 20.044809], [110.34523, 20.044913], [110.34549, 20.044961], [110.345868, 20.045004], [110.346402, 20.0451], [110.34668, 20.045148], [110.346819, 20.045169], [110.347231, 20.04526], [110.347891, 20.045412], [110.348672, 20.04559], [110.34941, 20.045755], [110.350122, 20.045929], [110.350386, 20.045985], [110.350464, 20.046007], [110.351984, 20.046389], [110.35214, 20.046424], [110.35214, 20.046424], [110.353264, 20.046658], [110.354058, 20.046823], [110.354687, 20.047001], [110.355208, 20.047183], [110.35549, 20.047283], [110.35697, 20.047852], [110.358142, 20.048303], [110.359306, 20.048741], [110.359848, 20.048827], [110.359848, 20.048827], [110.359774, 20.048702], [110.359766, 20.048142], [110.359783, 20.047938], [110.359848, 20.047083], [110.359883, 20.046576], [110.359922, 20.046137], [110.359961, 20.045603], [110.359987, 20.045278], [110.360013, 20.044952], [110.360056, 20.044362], [110.3601, 20.043733], [110.360122, 20.043416], [110.360169, 20.042882], [110.360191, 20.042591], [110.360221, 20.04214], [110.360256, 20.041684], [110.360356, 20.0402], [110.360443, 20.039293], [110.360469, 20.039062], [110.360508, 20.038767], [110.360534, 20.038576], [110.360599, 20.038103], [110.360616, 20.038008], [110.360686, 20.037474], [110.360764, 20.036888], [110.360985, 20.034974], [110.361081, 20.034067], [110.36112, 20.033754], [110.361198, 20.033016], [110.361263, 20.032448], [110.361315, 20.032027], [110.361367, 20.031636], [110.361445, 20.031037], [110.361471, 20.030859], [110.361484, 20.030816], [110.361649, 20.029631], [110.361766, 20.028832], [110.361871, 20.028073], [110.361901, 20.027843], [110.362027, 20.026927], [110.36204, 20.026823], [110.362131, 20.026254], [110.362157, 20.026089], [110.362231, 20.025629], [110.362266, 20.025347], [110.362292, 20.025104], [110.362357, 20.024674], [110.362439, 20.02428], [110.362504, 20.024045], [110.362635, 20.023615], [110.362834, 20.023116], [110.362834, 20.023116], [110.36283, 20.022891], [110.362891, 20.022639], [110.363043, 20.022044], [110.363234, 20.021445], [110.363286, 20.021311], [110.363351, 20.021198], [110.363429, 20.020977], [110.363424, 20.02072], [110.363268, 20.020751], [110.362986, 20.021411], [110.36293, 20.021497], [110.361957, 20.02306], [110.361849, 20.023225], [110.361693, 20.023455], [110.361536, 20.023681], [110.361233, 20.024132], [110.361055, 20.024379], [110.361003, 20.024457], [110.360716, 20.02487], [110.360369, 20.025382], [110.360139, 20.025747], [110.359848, 20.026176], [110.359618, 20.026506], [110.359557, 20.026589], [110.359106, 20.027157], [110.358945, 20.027326], [110.358707, 20.027539], [110.358411, 20.027778], [110.35819, 20.027947], [110.358025, 20.028073], [110.357852, 20.028203], [110.357548, 20.028429], [110.357244, 20.028646], [110.356437, 20.029266], [110.355872, 20.029683], [110.354857, 20.030434], [110.354327, 20.030794], [110.353941, 20.031007], [110.353698, 20.031128], [110.352865, 20.031463], [110.35181, 20.031871], [110.351467, 20.032001], [110.351076, 20.032144], [110.351003, 20.032179], [110.349727, 20.032682], [110.348941, 20.032999], [110.348464, 20.033203], [110.347643, 20.033572], [110.347339, 20.033668], [110.347118, 20.033698], [110.346871, 20.033681], [110.346719, 20.033646], [110.34668, 20.033637], [110.346658, 20.033633], [110.34658, 20.033611], [110.346094, 20.033359], [110.345508, 20.032956], [110.34533, 20.032817], [110.344332, 20.032031], [110.343989, 20.031766], [110.343555, 20.031428], [110.342656, 20.030729], [110.342548, 20.030668], [110.342431, 20.030638], [110.342257, 20.030651], [110.342166, 20.030686], [110.34184, 20.030924], [110.34125, 20.031359], [110.340252, 20.032135], [110.34003, 20.032257], [110.339983, 20.032153], [110.339965, 20.031914], [110.339922, 20.031328], [110.339861, 20.030812], [110.339783, 20.030256], [110.339753, 20.030052], [110.339718, 20.029848], [110.339692, 20.029701], [110.339648, 20.029418], [110.339618, 20.029106], [110.339553, 20.02872], [110.339488, 20.028277], [110.339418, 20.028073], [110.33934, 20.027826], [110.339162, 20.027426], [110.339097, 20.027279], [110.338885, 20.02691], [110.338785, 20.026753], [110.33852, 20.026445], [110.337843, 20.025734], [110.33737, 20.025243], [110.337101, 20.02497], [110.336667, 20.024575], [110.336298, 20.02431], [110.336159, 20.024219], [110.335803, 20.024041], [110.335803, 20.024041], [110.335686, 20.024049], [110.335595, 20.024019], [110.334692, 20.023689], [110.334501, 20.023628], [110.333932, 20.023429], [110.332839, 20.023043], [110.332826, 20.023038], [110.332714, 20.022867]]"
5,"[3,4,14]","[10, 14, 19, 20, 44, 142, 144, 151, 152, 153, 199, 230, 231, 232, 242, 243, 296, 298, 302, 330, 340]","[82, 23, 16]","[9,11,10]","[55, 56, 57, 58, 59, 66, 67, 68, 69, 70, 71, 72, 73, 74, 75, 93, 94, 95, 96, 97, 98, 99, 100, 101, 102, 103, 104, 105, 106, 107, 108, 109, 110, 111, 112, 255, 272, 419, 420, 421, 422, 443, 444, 445, 446, 447, 448, 449, 450, 465, 466, 467, 468, 469, 470, 471, 472, 473, 474, 475, 476, 571, 572, 573, 574, 575, 576, 577, 578, 579, 580, 581, 582, 583, 584, 989, 990, 991, 992, 993, 994, 997, 998, 999, 1000, 1001, 1002, 1029, 1030, 1031, 1032, 1033, 1034, 1035, 1036, 1037, 1038, 1039, 1040, 1041, 1042, 1043, 1044, 1233, 1234, 1235, 1236, 1237, 1238, 1239, 1240, 1241, 1242, 1347, 1348, 1349, 1350, 1351, 1352, 1353, 1354, 1355, 1356, 1357, 1358, 1359, 1360, 1397, 1398, 1399, 1400, 1401, 1402, 1621, 1622, 1623, 1624, 1625, 1626, 1635, 1636, 1647, 1648, 1729, 1730, 1731, 1732, 1773, 1774, 1775, 1776, 1793, 1794, 1795, 1796]","[[110.335134, 20.01749], [110.335017, 20.018021], [110.334618, 20.01875], [110.33444, 20.01908], [110.334188, 20.01964], [110.333976, 20.020195], [110.333728, 20.020977], [110.333637, 20.021293], [110.333459, 20.021753], [110.333329, 20.022023], [110.333168, 20.02237], [110.333134, 20.022452], [110.333134, 20.022452], [110.332769, 20.022773], [110.33283, 20.022791], [110.333056, 20.02286], [110.333676, 20.023095], [110.334019, 20.023212], [110.334592, 20.023411], [110.335438, 20.02372], [110.335625, 20.023815], [110.335703, 20.023893], [110.335799, 20.023937], [110.336098, 20.024089], [110.336549, 20.024371], [110.336814, 20.024575], [110.337166, 20.024905], [110.337461, 20.025221], [110.33776, 20.02553], [110.337895, 20.025677], [110.338598, 20.02638], [110.339158, 20.02697], [110.339223, 20.027023], [110.339414, 20.027227], [110.339544, 20.027357], [110.339848, 20.027691], [110.339944, 20.027799], [110.340004, 20.027878], [110.340178, 20.028073], [110.340321, 20.028234], [110.340942, 20.028872], [110.341597, 20.029575], [110.341597, 20.029575], [110.341719, 20.029748], [110.341918, 20.029896], [110.341966, 20.029948], [110.342457, 20.030395], [110.343134, 20.030959], [110.343659, 20.031385], [110.344501, 20.032044], [110.34553, 20.032847], [110.345603, 20.032908], [110.345894, 20.033116], [110.346168, 20.033277], [110.346445, 20.033385], [110.34668, 20.033442], [110.346888, 20.033503], [110.347161, 20.033542], [110.3473, 20.033524], [110.347582, 20.033438], [110.348398, 20.033112], [110.348898, 20.032917], [110.349809, 20.032552], [110.350221, 20.032387], [110.350964, 20.032092], [110.351046, 20.032066], [110.351432, 20.031918], [110.352166, 20.031641], [110.352843, 20.031367], [110.35372, 20.031007], [110.353945, 20.030911], [110.354245, 20.03076], [110.354444, 20.030638], [110.354809, 20.030373], [110.354852, 20.030339], [110.354987, 20.030234], [110.355786, 20.029631], [110.35635, 20.029184], [110.357057, 20.028655], [110.357474, 20.028338], [110.357643, 20.028212], [110.357834, 20.028073], [110.358351, 20.027687], [110.358598, 20.0275], [110.35888, 20.027231], [110.359123, 20.026949], [110.35944, 20.026523], [110.359505, 20.026445], [110.359757, 20.026098], [110.360282, 20.025326], [110.360916, 20.024405], [110.361753, 20.023173], [110.361853, 20.023003], [110.362626, 20.02178], [110.362839, 20.021445], [110.362895, 20.021359], [110.363268, 20.020751], [110.363359, 20.020603], [110.363533, 20.020317], [110.363663, 20.020139], [110.363785, 20.019952], [110.364149, 20.019345], [110.364648, 20.018542], [110.364779, 20.018316], [110.364931, 20.018021], [110.36503, 20.017808], [110.365148, 20.017431], [110.365174, 20.017292], [110.365208, 20.017088], [110.365325, 20.016607], [110.365325, 20.016607], [110.364618, 20.016701], [110.36303, 20.016775], [110.362925, 20.016775], [110.361901, 20.016823], [110.361254, 20.016853], [110.361085, 20.016858], [110.360825, 20.016858], [110.359813, 20.016875], [110.357244, 20.016957], [110.356372, 20.016979], [110.356128, 20.016988], [110.356033, 20.016992], [110.355781, 20.016997], [110.354961, 20.017049], [110.353945, 20.017057], [110.353151, 20.017088], [110.352891, 20.017096], [110.35204, 20.017135], [110.351645, 20.017148], [110.351593, 20.017148], [110.351194, 20.017153], [110.349674, 20.017174], [110.348728, 20.017196], [110.347756, 20.017222], [110.34668, 20.017279], [110.346628, 20.017279], [110.345855, 20.017318], [110.345773, 20.017318], [110.344557, 20.017344], [110.344371, 20.017352], [110.343793, 20.017352], [110.343134, 20.017365], [110.343034, 20.017374], [110.342513, 20.017378], [110.34069, 20.017426], [110.33924, 20.017435], [110.33924, 20.017435], [110.337977, 20.01747], [110.337231, 20.017491], [110.335434, 20.017548], [110.335134, 20.01749]]"
6,"[4,15]","[45, 46, 49, 50, 51, 52, 53, 54, 55, 56, 57, 58, 59, 60, 61, 62, 63, 64, 184, 198, 233, 234, 237, 238, 239, 240, 241, 315, 317, 344, 347]","[91, 94, 15]","[4,12,11]","[60, 61, 62, 63, 64, 65, 280, 281, 282, 283, 284, 301, 302, 303, 304, 305, 306, 307, 308, 309, 313, 314, 315, 316, 317, 318, 319, 320, 321, 339, 585, 586, 587, 588, 589, 590, 591, 592, 599, 600, 601, 602, 603, 604, 605, 606, 607, 608, 609, 610, 611, 612, 613, 614, 615, 616, 617, 618, 619, 620, 621, 622, 623, 624, 625, 626, 627, 628, 629, 630, 631, 632, 633, 634, 635, 636, 637, 638, 639, 640, 641, 642, 643, 644, 645, 646, 647, 648, 649, 650, 651, 652, 653, 654, 655, 656, 657, 658, 659, 660, 661, 662, 663, 664, 665, 666, 667, 668, 1173, 1174, 1175, 1176, 1177, 1178, 1179, 1180, 1181, 1182, 1223, 1224, 1225, 1226, 1227, 1228, 1229, 1230, 1231, 1232, 1361, 1362, 1363, 1364, 1373, 1374, 1375, 1376, 1377, 1378, 1379, 1380, 1381, 1382, 1383, 1384, 1385, 1386, 1387, 1388, 1389, 1390, 1391, 1392, 1393, 1394, 1395, 1396, 1685, 1686, 1687, 1688, 1691, 1692, 1783, 1784, 1785, 1786, 1787, 1788, 1789, 1790, 1791, 1792, 1799, 1800]","[[110.365325, 20.016607], [110.365352, 20.017088], [110.365352, 20.017088], [110.365299, 20.017357], [110.365135, 20.017843], [110.365043, 20.018047], [110.364874, 20.018364], [110.364735, 20.018611], [110.364253, 20.01941], [110.36385, 20.020061], [110.36385, 20.020061], [110.363802, 20.020399], [110.36378, 20.020569], [110.363763, 20.02066], [110.363711, 20.020816], [110.363641, 20.02102], [110.363542, 20.021424], [110.363151, 20.022595], [110.363064, 20.022891], [110.363012, 20.022995], [110.362938, 20.023142], [110.362782, 20.02362], [110.362648, 20.024041], [110.36253, 20.024484], [110.362391, 20.025382], [110.362287, 20.026115], [110.36224, 20.026493], [110.362192, 20.026836], [110.362174, 20.02694], [110.362122, 20.0273], [110.362075, 20.027609], [110.361997, 20.028073], [110.361975, 20.028203], [110.361884, 20.02885], [110.361766, 20.02964], [110.36171, 20.030048], [110.361688, 20.030221], [110.361602, 20.030825], [110.361589, 20.030872], [110.361563, 20.03105], [110.361484, 20.031654], [110.361428, 20.032101], [110.36138, 20.032448], [110.361315, 20.033016], [110.361237, 20.033759], [110.361155, 20.034497], [110.361098, 20.035039], [110.361016, 20.035729], [110.360881, 20.03691], [110.360833, 20.037244], [110.36076, 20.037687], [110.360712, 20.038021], [110.36069, 20.038116], [110.360647, 20.03849], [110.360573, 20.039062], [110.360534, 20.039414], [110.360469, 20.0402], [110.360425, 20.04069], [110.360404, 20.041003], [110.360347, 20.041706], [110.360313, 20.042127], [110.360282, 20.0426], [110.360265, 20.042882], [110.360234, 20.043468], [110.360117, 20.044952], [110.360087, 20.045391], [110.360039, 20.046137], [110.360004, 20.046589], [110.359983, 20.046984], [110.359848, 20.048827], [110.359848, 20.048827], [110.359948, 20.048798], [110.360629, 20.04872], [110.360777, 20.048715], [110.361563, 20.048602], [110.362192, 20.048459], [110.362708, 20.048303], [110.362969, 20.048207], [110.363416, 20.048008], [110.363941, 20.04773], [110.364323, 20.047487], [110.364518, 20.047348], [110.364913, 20.047031], [110.365417, 20.046545], [110.365651, 20.046272], [110.365807, 20.046089], [110.366102, 20.045755], [110.366437, 20.04543], [110.366771, 20.045126], [110.366871, 20.045052], [110.367674, 20.044488], [110.368307, 20.044058], [110.36865, 20.043845], [110.368828, 20.043737], [110.36911, 20.043581], [110.36944, 20.043429], [110.37053, 20.042999], [110.371085, 20.042773], [110.371272, 20.042695], [110.372878, 20.042057], [110.373251, 20.041884], [110.373546, 20.041714], [110.37385, 20.041523], [110.374089, 20.041337], [110.374566, 20.04089], [110.374622, 20.040777], [110.375039, 20.040161], [110.375838, 20.039062], [110.376085, 20.038715], [110.376241, 20.038524], [110.376536, 20.038112], [110.376667, 20.037904], [110.377092, 20.037205], [110.377179, 20.037027], [110.377309, 20.036775], [110.377361, 20.036671], [110.377396, 20.036602], [110.377474, 20.036428], [110.377977, 20.035352], [110.378203, 20.034865], [110.378316, 20.034614], [110.378464, 20.034253], [110.378607, 20.033919], [110.378746, 20.03352], [110.378819, 20.033238], [110.37888, 20.033051], [110.378924, 20.032886], [110.379314, 20.031528], [110.379453, 20.031107], [110.379648, 20.030608], [110.37977, 20.030339], [110.379926, 20.030039], [110.380161, 20.029622], [110.380295, 20.029379], [110.380434, 20.029132], [110.380512, 20.029006], [110.38076, 20.028568], [110.380977, 20.028186], [110.381037, 20.028073], [110.381085, 20.027973], [110.382487, 20.025516], [110.3826, 20.025295], [110.382956, 20.024657], [110.383286, 20.024019], [110.383511, 20.02339], [110.383746, 20.02263], [110.383889, 20.022205], [110.383919, 20.022127], [110.384175, 20.021337], [110.384266, 20.021003], [110.384345, 20.020582], [110.384375, 20.020265], [110.384375, 20.019809], [110.384353, 20.019549], [110.384293, 20.019188], [110.38418, 20.01865], [110.384132, 20.018559], [110.384071, 20.01832], [110.383928, 20.017843], [110.383837, 20.017587], [110.383715, 20.017352], [110.383715, 20.017352], [110.383563, 20.017088], [110.383477, 20.016953], [110.383344, 20.016547], [110.383344, 20.016547], [110.382873, 20.016593], [110.382843, 20.016593], [110.381571, 20.016602], [110.380942, 20.016615], [110.380694, 20.016628], [110.380521, 20.016628], [110.37997, 20.016641], [110.379453, 20.016649], [110.379102, 20.016649], [110.378229, 20.016658], [110.378151, 20.016658], [110.377951, 20.016654], [110.376011, 20.016641], [110.375408, 20.016649], [110.375304, 20.016654], [110.374293, 20.016658], [110.37385, 20.016654], [110.37375, 20.016649], [110.373203, 20.016636], [110.373069, 20.016636], [110.372088, 20.016641], [110.371714, 20.016641], [110.37046, 20.016636], [110.370113, 20.016632], [110.370022, 20.016632], [110.369891, 20.016632], [110.368915, 20.016636], [110.36865, 20.016636], [110.367717, 20.016619], [110.366576, 20.016628], [110.365325, 20.016607]]"
7,"[0,8,9]","[300, 323, 324]","[56, 8, 59, 111]","[5,6,30,29]","[39, 40, 41, 87, 88, 89, 90, 194, 202, 208, 209, 210, 211, 225, 226, 227, 355, 356, 370, 371, 1641, 1642, 1709, 1710, 1711, 1712]","[[110.266386, 20.003257], [110.266484, 20.003351], [110.26648, 20.00451], [110.266484, 20.004991], [110.26648, 20.006102], [110.266476, 20.00674], [110.26648, 20.007092], [110.266484, 20.007678], [110.266476, 20.008381], [110.26648, 20.009744], [110.26648, 20.009878], [110.266476, 20.010356], [110.266378, 20.011587], [110.266378, 20.011587], [110.266541, 20.011428], [110.267339, 20.011523], [110.268641, 20.011675], [110.268641, 20.011675], [110.26878, 20.011662], [110.270013, 20.011884], [110.271263, 20.012135], [110.271727, 20.012357], [110.272704, 20.012543], [110.273685, 20.012726], [110.274353, 20.012808], [110.275004, 20.012856], [110.278594, 20.013069], [110.279631, 20.013155], [110.28076, 20.013268], [110.281334, 20.013397], [110.281334, 20.013397], [110.28128, 20.013268], [110.281289, 20.012821], [110.281285, 20.012183], [110.28128, 20.011207], [110.281276, 20.010829], [110.281259, 20.009935], [110.281254, 20.009722], [110.281254, 20.009271], [110.281246, 20.008403], [110.281228, 20.007227], [110.281228, 20.007131], [110.281215, 20.006658], [110.281198, 20.006159], [110.281194, 20.006102], [110.281168, 20.005903], [110.281107, 20.005443], [110.281094, 20.005312], [110.280981, 20.004444], [110.280924, 20.004076], [110.280812, 20.003316], [110.28076, 20.00299], [110.28072, 20.002739], [110.280664, 20.002383], [110.280666, 20.001891], [110.280666, 20.001891], [110.280603, 20.001944], [110.280265, 20.001944], [110.277917, 20.001901], [110.276762, 20.001901], [110.275894, 20.001905], [110.273845, 20.002014], [110.272756, 20.002127], [110.272057, 20.002196], [110.271385, 20.00227], [110.271089, 20.002318], [110.270386, 20.002465], [110.269753, 20.0026], [110.268802, 20.002804], [110.266386, 20.003257]]"
8,"[7,10,16]","[321, 322]","[55, 106, 60, 37]","[29,30,14,13]","[115, 116, 154, 195, 201, 212, 213, 214, 224, 355, 356, 370, 371, 1705, 1706, 1707, 1708]","[[110.266416, 19.996082], [110.266528, 19.996172], [110.266506, 19.996641], [110.266489, 19.997283], [110.266489, 19.997791], [110.266489, 19.997895], [110.266489, 19.999245], [110.266484, 19.9999], [110.26648, 20.001554], [110.26648, 20.001944], [110.266484, 20.002713], [110.266386, 20.003257], [110.266386, 20.003257], [110.266545, 20.003225], [110.266871, 20.00316], [110.268802, 20.002739], [110.269353, 20.002613], [110.270365, 20.002387], [110.271324, 20.002183], [110.271888, 20.002127], [110.272739, 20.002053], [110.273832, 20.001953], [110.27582, 20.001853], [110.276306, 20.001849], [110.277917, 20.00184], [110.280061, 20.001853], [110.280666, 20.001891], [110.280666, 20.001891], [110.280595, 20.001862], [110.280556, 20.00145], [110.280469, 20.000651], [110.280434, 20.000286], [110.280382, 19.999983], [110.280191, 19.998898], [110.28003, 19.997982], [110.280017, 19.997908], [110.279944, 19.997465], [110.279779, 19.996597], [110.279773, 19.996057], [110.279773, 19.996057], [110.279718, 19.996168], [110.279232, 19.996172], [110.278537, 19.996176], [110.277674, 19.996181], [110.276554, 19.996172], [110.276189, 19.996172], [110.275638, 19.996168], [110.274575, 19.996168], [110.274397, 19.996168], [110.273511, 19.996168], [110.273351, 19.996168], [110.271597, 19.996168], [110.271363, 19.996172], [110.27059, 19.996163], [110.270069, 19.996168], [110.269457, 19.996168], [110.268898, 19.996168], [110.268351, 19.996172], [110.268073, 19.996172], [110.266416, 19.996082]]"
9,"[1,7,10,11]","[22, 88, 94, 95, 173, 174]","[64, 9, 67, 110]","[6,7,31,30]","[42, 43, 44, 45, 85, 86, 208, 209, 210, 211, 225, 226, 227, 232, 233, 234, 244, 245, 246, 247, 357, 358, 359, 367, 368, 369, 479, 480, 481, 482, 483, 484, 485, 486, 793, 794, 813, 814, 815, 816, 817, 818, 1131, 1132, 1133, 1134, 1135, 1136, 1137, 1138]","[[110.280666, 20.001891], [110.280738, 20.001944], [110.28076, 20.002114], [110.28079, 20.002348], [110.280894, 20.003129], [110.280937, 20.003407], [110.281024, 20.004067], [110.281072, 20.00444], [110.281254, 20.005872], [110.28128, 20.006102], [110.281302, 20.00625], [110.281319, 20.006667], [110.281319, 20.007135], [110.281319, 20.007235], [110.281311, 20.007565], [110.281328, 20.008268], [110.28135, 20.009271], [110.281354, 20.009674], [110.281359, 20.010135], [110.281372, 20.010829], [110.281372, 20.011207], [110.281402, 20.012378], [110.281334, 20.013397], [110.281334, 20.013397], [110.282674, 20.013494], [110.283051, 20.013537], [110.283555, 20.013581], [110.284128, 20.013589], [110.284618, 20.013563], [110.285039, 20.013511], [110.285486, 20.013429], [110.287153, 20.013082], [110.287687, 20.01299], [110.288446, 20.01293], [110.288832, 20.01293], [110.29438, 20.01319], [110.29438, 20.01319], [110.29431, 20.012934], [110.294323, 20.012153], [110.294284, 20.011259], [110.29428, 20.010725], [110.294284, 20.01043], [110.294284, 20.009631], [110.294288, 20.008498], [110.294288, 20.007682], [110.294288, 20.007292], [110.294288, 20.007235], [110.294288, 20.00691], [110.294288, 20.006102], [110.294284, 20.003429], [110.294284, 20.002791], [110.294284, 20.00178], [110.294284, 20.001723], [110.294393, 20.001245], [110.294393, 20.001245], [110.29431, 20.001302], [110.294236, 20.001302], [110.293832, 20.001293], [110.292817, 20.001293], [110.291823, 20.001302], [110.291328, 20.001302], [110.290508, 20.001302], [110.290043, 20.001302], [110.289983, 20.001306], [110.28977, 20.001302], [110.288676, 20.001285], [110.288051, 20.00128], [110.287782, 20.001272], [110.287561, 20.001272], [110.287322, 20.00128], [110.286866, 20.001289], [110.286194, 20.001328], [110.285846, 20.001372], [110.284913, 20.001432], [110.283077, 20.001649], [110.281849, 20.001814], [110.281094, 20.00191], [110.28076, 20.001944], [110.280666, 20.001891]]"
10,"[8,9,12,17]","[222, 223, 224, 332]","[63, 107, 68, 36]","[30,31,15,14]","[117, 118, 119, 150, 151, 152, 153, 212, 213, 214, 224, 235, 242, 243, 357, 358, 359, 367, 368, 369, 1311, 1312, 1313, 1314, 1315, 1316, 1317, 1318, 1319, 1320, 1321, 1322, 1743, 1744, 1745, 1746]","[[110.279773, 19.996057], [110.279852, 19.996163], [110.279926, 19.996671], [110.280026, 19.997448], [110.280117, 19.997908], [110.280122, 19.99796], [110.280265, 19.998806], [110.280464, 19.999965], [110.28053, 20.000265], [110.280569, 20.000634], [110.280595, 20.000829], [110.280677, 20.001428], [110.280666, 20.001891], [110.280666, 20.001891], [110.280734, 20.001862], [110.28076, 20.001862], [110.281085, 20.001832], [110.283064, 20.001562], [110.284865, 20.00135], [110.284944, 20.001332], [110.285378, 20.001289], [110.285972, 20.001263], [110.28628, 20.001241], [110.287322, 20.001211], [110.287582, 20.001202], [110.287786, 20.001202], [110.288572, 20.001198], [110.289071, 20.001194], [110.289484, 20.001202], [110.289939, 20.001211], [110.290009, 20.001211], [110.290247, 20.001215], [110.291823, 20.001224], [110.292808, 20.001224], [110.294262, 20.001215], [110.294393, 20.001245], [110.294393, 20.001245], [110.294314, 20.001215], [110.294314, 20.00115], [110.294284, 20.000295], [110.294284, 19.999931], [110.294284, 19.998602], [110.294284, 19.99793], [110.294284, 19.997396], [110.29438, 19.995668], [110.29438, 19.995668], [110.294249, 19.995781], [110.29306, 19.995816], [110.29276, 19.995825], [110.29227, 19.995838], [110.291975, 19.995851], [110.291606, 19.995859], [110.290551, 19.995894], [110.289423, 19.995916], [110.289058, 19.995924], [110.288815, 19.995938], [110.287856, 19.995964], [110.287036, 19.995985], [110.28638, 19.995994], [110.285694, 19.996016], [110.285508, 19.996029], [110.284557, 19.996055], [110.284484, 19.996059], [110.283789, 19.996072], [110.28276, 19.996081], [110.282487, 19.996098], [110.281515, 19.99612], [110.280942, 19.996133], [110.28076, 19.996141], [110.280382, 19.99615], [110.279773, 19.996057]]"
11,"[2,9,12,13]","[86, 89, 90, 91, 92, 93, 284, 285, 286, 287, 288, 289, 290, 342]","[72, 10, 112, 109]","[7,33,32,31]","[46, 47, 48, 81, 82, 83, 84, 232, 233, 234, 244, 245, 246, 247, 360, 361, 362, 363, 364, 365, 366, 372, 373, 378, 379, 380, 769, 770, 771, 772, 773, 774, 775, 776, 777, 778, 779, 780, 781, 782, 783, 784, 795, 796, 797, 798, 799, 800, 801, 802, 803, 804, 805, 806, 807, 808, 809, 810, 811, 812, 1551, 1552, 1553, 1554, 1555, 1556, 1557, 1558, 1559, 1560, 1561, 1562, 1563, 1564, 1565, 1566, 1567, 1568, 1569, 1570, 1571, 1572, 1573, 1574, 1575, 1576, 1577, 1578, 1579, 1580, 1581, 1582, 1583, 1584, 1779, 1780]","[[110.294393, 20.001245], [110.294453, 20.001311], [110.294453, 20.001697], [110.294462, 20.002791], [110.294453, 20.003394], [110.294453, 20.005647], [110.294444, 20.006102], [110.294414, 20.007135], [110.294405, 20.00724], [110.294418, 20.007296], [110.294423, 20.007422], [110.294444, 20.007769], [110.294449, 20.008607], [110.294462, 20.009514], [110.294453, 20.01], [110.294453, 20.010243], [110.294462, 20.010855], [110.294453, 20.011259], [110.29438, 20.01319], [110.29438, 20.01319], [110.295386, 20.013186], [110.295825, 20.013229], [110.296237, 20.013286], [110.296658, 20.013368], [110.297036, 20.013459], [110.297882, 20.01372], [110.299514, 20.014232], [110.299696, 20.014288], [110.299878, 20.01434], [110.300577, 20.014562], [110.302734, 20.015239], [110.304102, 20.01566], [110.304614, 20.015794], [110.305039, 20.015885], [110.306853, 20.016164], [110.306853, 20.016164], [110.30684, 20.015985], [110.306866, 20.015226], [110.306875, 20.015022], [110.306923, 20.013754], [110.306949, 20.013229], [110.30697, 20.01309], [110.307179, 20.012331], [110.307214, 20.012105], [110.307222, 20.011845], [110.307218, 20.011771], [110.307214, 20.011519], [110.307179, 20.010707], [110.307131, 20.010048], [110.307131, 20.009996], [110.307101, 20.007917], [110.307088, 20.007192], [110.307057, 20.00645], [110.307023, 20.006155], [110.307014, 20.006102], [110.306923, 20.005647], [110.306836, 20.005286], [110.306519, 20.004332], [110.306389, 20.003941], [110.306285, 20.003624], [110.306194, 20.00329], [110.306068, 20.002808], [110.306016, 20.002491], [110.305942, 20.001944], [110.305812, 20.001294], [110.305812, 20.001294], [110.30569, 20.001332], [110.304444, 20.001315], [110.303806, 20.001311], [110.302734, 20.001328], [110.302561, 20.001332], [110.302201, 20.001332], [110.302122, 20.001332], [110.301853, 20.001328], [110.301758, 20.001324], [110.301398, 20.001324], [110.300738, 20.001311], [110.300035, 20.001311], [110.298954, 20.001306], [110.298676, 20.001306], [110.298442, 20.001302], [110.29806, 20.001302], [110.297318, 20.001306], [110.295738, 20.001306], [110.294905, 20.001311], [110.294393, 20.001245]]"
12,"[10,11,13,18]","[227, 228, 341]","[71, 108, 113, 35]","[31,32,34,15]","[120, 121, 148, 149, 235, 242, 243, 360, 361, 362, 363, 364, 365, 366, 374, 375, 376, 377, 1335, 1336, 1337, 1338, 1339, 1340, 1341, 1342, 1343, 1344, 1777, 1778]","[[110.29438, 19.995668], [110.294484, 19.995768], [110.294505, 19.996293], [110.294497, 19.996688], [110.294492, 19.996875], [110.294462, 19.997266], [110.294462, 19.997582], [110.294462, 19.997812], [110.294462, 19.99793], [110.294462, 19.998459], [110.294453, 19.999787], [110.294393, 20.001245], [110.294393, 20.001245], [110.294453, 20.001211], [110.294874, 20.001215], [110.29727, 20.001228], [110.297326, 20.001228], [110.298498, 20.001228], [110.298676, 20.001237], [110.298876, 20.001237], [110.30003, 20.001241], [110.300386, 20.001241], [110.300729, 20.001241], [110.30122, 20.001241], [110.30138, 20.001246], [110.301762, 20.00125], [110.301836, 20.00125], [110.302114, 20.001246], [110.302201, 20.001246], [110.302491, 20.001241], [110.302734, 20.001241], [110.305812, 20.001294], [110.305812, 20.001294], [110.305747, 20.001241], [110.30566, 20.001011], [110.305499, 20.000681], [110.305399, 20.00046], [110.305169, 19.999974], [110.305056, 19.999696], [110.305009, 19.999492], [110.30497, 19.999271], [110.304957, 19.998876], [110.304948, 19.997999], [110.304948, 19.997947], [110.30497, 19.996806], [110.30497, 19.996029],  [110.304974, 19.994835], [110.30431, 19.994852], [110.303316, 19.994939], [110.302999, 19.994965], [110.302734, 19.994991], [110.302387, 19.995022], [110.301476, 19.995109], [110.301424, 19.995117], [110.300812, 19.995169], [110.299948, 19.995247], [110.299805, 19.995265], [110.298854, 19.99536], [110.298772, 19.995369], [110.298407, 19.995395], [110.297552, 19.995486], [110.297057, 19.995534], [110.296484, 19.995582], [110.295061, 19.995738], [110.29438, 19.995668]]"
13,"[2,3,11,12,14,18]","[1, 2, 3, 87, 137, 138, 139, 140, 156, 182, 208, 225, 226, 256, 257, 258, 259, 260, 261, 262, 263, 265, 266, 267, 268, 269, 270, 271, 272, 291, 292, 293, 294, 313, 329, 348, 349, 351]","[115, 11, 12, 76, 34, 114]","[33,8,10,16,34,32]","[49, 50, 51, 52, 53, 54, 76, 77, 78, 79, 80, 122, 123, 124, 125, 126, 142, 143, 144, 145, 146, 147, 256, 257, 258, 259, 260, 270, 271, 372, 373, 374, 375, 376, 377, 378, 379, 380, 385, 386, 387, 388, 389, 390, 391, 392, 393, 394, 785, 786, 787, 788, 789, 790, 791, 792, 975, 976, 977, 978, 979, 980, 981, 982, 983, 984, 985, 986, 1051, 1052, 1053, 1054, 1055, 1056, 1165, 1166, 1167, 1168, 1263, 1264, 1323, 1324, 1325, 1326, 1327, 1328, 1329, 1330, 1331, 1332, 1333, 1334, 1447, 1448, 1449, 1450, 1451, 1452, 1453, 1454, 1455, 1456, 1457, 1458, 1459, 1460, 1461, 1462, 1463, 1464, 1465, 1466, 1467, 1468, 1469, 1470, 1471, 1472, 1473, 1474, 1475, 1476, 1477, 1478, 1479, 1480, 1487, 1488, 1489, 1490, 1491, 1492, 1493, 1494, 1495, 1496, 1497, 1498, 1499, 1500, 1501, 1502, 1503, 1504, 1505, 1506, 1507, 1508, 1509, 1510, 1511, 1512, 1513, 1514, 1515, 1516, 1517, 1518, 1585, 1586, 1587, 1588, 1589, 1590, 1591, 1592, 1593, 1594, 1595, 1596, 1597, 1598, 1599, 1600, 1601, 1602, 1603, 1604, 1605, 1606, 1607, 1608, 1609, 1610, 1611, 1612, 1613, 1614, 1615, 1616, 1677, 1678, 1679, 1680, 1721, 1722, 1723, 1724, 1725, 1726, 1727, 1728, 1801, 1802, 1803, 1804, 1813, 1814]","[[110.305812, 20.001294], [110.305885, 20.001337], [110.305946, 20.001536], [110.306024, 20.00194], [110.306081, 20.002296], [110.306102, 20.002448], [110.306276, 20.003281], [110.306589, 20.00424], [110.306931, 20.005269], [110.30701, 20.005621], [110.30704, 20.005786], [110.307057, 20.005842], [110.307109, 20.006102], [110.307153, 20.006515], [110.307174, 20.007023], [110.307192, 20.007878], [110.307253, 20.009996], [110.307253, 20.010048], [110.307253, 20.010703], [110.307287, 20.011263], [110.307296, 20.011788], [110.307292, 20.011862], [110.307292, 20.012105], [110.307231, 20.012457], [110.307044, 20.013108], [110.307014, 20.013754], [110.306975, 20.014796], [110.306853, 20.016164], [110.306853, 20.016164], [110.309887, 20.016458], [110.309991, 20.016476], [110.310091, 20.016489], [110.310469, 20.016528], [110.312496, 20.016762], [110.314149, 20.016944], [110.31497, 20.017036], [110.315382, 20.01707], [110.315807, 20.017083], [110.316111, 20.017062], [110.316476, 20.017001], [110.316871, 20.016923], [110.319266, 20.016337], [110.319653, 20.016263], [110.320113, 20.016194], [110.320881, 20.016141], [110.321293, 20.016141], [110.32168, 20.016163], [110.322083, 20.016215], [110.322569, 20.016298], [110.322904, 20.016376], [110.32332, 20.016489], [110.324341, 20.016986], [110.324341, 20.016986], [110.324705, 20.016905], [110.325065, 20.016997], [110.325456, 20.017088], [110.325573, 20.017114], [110.32803, 20.017591], [110.328555, 20.017682], [110.328963, 20.017726], [110.329436, 20.017747], [110.329774, 20.017752], [110.330304, 20.017726], [110.33125, 20.017639], [110.331406, 20.017626], [110.331567, 20.017613], [110.331567, 20.017613], [110.335134, 20.01749], [110.335134, 20.01749], [110.335026, 20.017309], [110.335126, 20.017088], [110.335326, 20.016649], [110.335668, 20.015903], [110.335859, 20.015495], [110.336137, 20.0149], [110.336367, 20.014492], [110.336632, 20.01395], [110.336797, 20.013589], [110.337891, 20.011207], [110.338464, 20.009944], [110.338581, 20.009679], [110.338646, 20.009514], [110.339023, 20.008602], [110.339097, 20.008351], [110.339141, 20.008199], [110.339201, 20.007986], [110.339418, 20.00701], [110.339466, 20.006675], [110.339536, 20.006102], [110.339692, 20.004761], [110.339779, 20.004041], [110.340074, 20.001337], [110.340135, 20.000846], [110.340428, 19.99961], [110.340428, 19.99961], [110.340273, 19.99967], [110.339796, 19.999462], [110.339544, 19.999336], [110.338863, 19.999032], [110.337439, 19.998398], [110.337201, 19.998294], [110.336528, 19.998038], [110.336437, 19.99799], [110.335868, 19.997769], [110.335482, 19.997622], [110.334896, 19.997383], [110.334336, 19.997174], [110.333694, 19.996918], [110.333529, 19.996836], [110.332817, 19.996532], [110.332474, 19.996385], [110.331519, 19.995951], [110.330916, 19.995694], [110.330564, 19.995582], [110.330247, 19.995512], [110.329497, 19.995408], [110.328659, 19.995399], [110.32855, 19.995399], [110.327075, 19.995391], [110.327044, 19.995391], [110.326458, 19.995382], [110.325664, 19.995382], [110.325174, 19.995382], [110.324705, 19.995382], [110.324575, 19.995382], [110.324371, 19.995378], [110.324141, 19.995378], [110.323255, 19.995378], [110.322526, 19.995378], [110.322092, 19.995378], [110.321697, 19.995378], [110.321072, 19.995395], [110.32089, 19.995391], [110.320382, 19.995382], [110.320291, 19.995382], [110.31964, 19.995378], [110.319414, 19.995378], [110.318546, 19.995378], [110.317995, 19.995382], [110.317582, 19.995378], [110.317179, 19.995378], [110.31605, 19.995373], [110.315725, 19.995373], [110.315308, 19.995373], [110.313589, 19.99536], [110.313494, 19.995352], [110.312969, 19.995299], [110.31204, 19.995221], [110.311519, 19.995169], [110.311367, 19.995156], [110.311085, 19.995126], [110.310977, 19.995117], [110.309045, 19.994922], [110.308958, 19.994913], [110.308338, 19.994861], [110.307747, 19.994826], [110.306628, 19.994792], [110.306215, 19.994809], [110.30497, 19.99469], [110.30497, 19.99469], [110.305043, 19.994922], [110.305043, 19.995117], [110.305043, 19.995603], [110.305039, 19.996033], [110.305039, 19.996168], [110.305035, 19.996823], [110.305035, 19.997947], [110.305039, 19.997995], [110.305017, 19.99908], [110.305035, 19.99931], [110.305113, 19.999679], [110.305213, 19.999896], [110.30549, 20.000417], [110.305603, 20.000647], [110.305812, 20.001294]]"
14,"[5,13,15,19]","[18, 141, 143, 273, 295, 297, 339]","[81, 13, 85, 33]","[10,11,17,16]","[55, 56, 57, 58, 59, 66, 67, 68, 69, 70, 71, 72, 73, 74, 75, 127, 128, 129, 130, 131, 138, 139, 140, 141, 256, 257, 258, 259, 260, 270, 271, 285, 286, 287, 299, 300, 461, 462, 463, 464, 987, 988, 995, 996, 1519, 1520, 1521, 1522, 1523, 1524, 1617, 1618, 1619, 1620, 1627, 1628, 1629, 1630, 1631, 1632, 1633, 1634, 1769, 1770, 1771, 1772]","[[110.340428, 19.99961], [110.34053, 19.999779], [110.34046, 20.000347], [110.340391, 20.000864], [110.340343, 20.001259], [110.340191, 20.002361], [110.340022, 20.003837], [110.339839, 20.005408], [110.339805, 20.005668], [110.339757, 20.006102], [110.33974, 20.006259], [110.339714, 20.006628], [110.339657, 20.007031], [110.339544, 20.007691], [110.339453, 20.008056], [110.339392, 20.008264], [110.339345, 20.008424], [110.339258, 20.008668], [110.338963, 20.009384], [110.338815, 20.009718], [110.338702, 20.009957], [110.338095, 20.011289], [110.336914, 20.013898], [110.336823, 20.014102], [110.336615, 20.01457], [110.336398, 20.015048], [110.336155, 20.015603], [110.335972, 20.016003], [110.335729, 20.016528], [110.335668, 20.016658], [110.335668, 20.016658], [110.335464, 20.017088], [110.335143, 20.017435], [110.33553, 20.017422], [110.336007, 20.017409], [110.337964, 20.017357], [110.33875, 20.017322], [110.339531, 20.017292], [110.340321, 20.017266], [110.342135, 20.017205], [110.343021, 20.017183], [110.343125, 20.017179], [110.343294, 20.017161], [110.343793, 20.017135], [110.345764, 20.017092], [110.345846, 20.017092], [110.346011, 20.017088], [110.346593, 20.017079], [110.34668, 20.017079], [110.347756, 20.017044], [110.349688, 20.016988], [110.35013, 20.01697], [110.351198, 20.016944], [110.351602, 20.016936], [110.351654, 20.016936], [110.352036, 20.016936], [110.352891, 20.01691], [110.354935, 20.016836], [110.355764, 20.01681], [110.356033, 20.016797], [110.356124, 20.016797], [110.356332, 20.016788], [110.356402, 20.016788], [110.357218, 20.016762], [110.358277, 20.016727], [110.359913, 20.01668], [110.360812, 20.016658], [110.361654, 20.016632], [110.362917, 20.016589], [110.363016, 20.016584], [110.364505, 20.016562], [110.365325, 20.016607], [110.365325, 20.016607], [110.365247, 20.016558], [110.365226, 20.016215], [110.365208, 20.01589], [110.365208, 20.015807], [110.365174, 20.015612], [110.365061, 20.015252], [110.364878, 20.014852], [110.364714, 20.014566], [110.364605, 20.014414], [110.36388, 20.013559], [110.36326, 20.012834], [110.363108, 20.012674], [110.363016, 20.012556], [110.362517, 20.011975], [110.361866, 20.01122], [110.361571, 20.010872], [110.361315, 20.010595], [110.360647, 20.009852], [110.359779, 20.008876], [110.359497, 20.008624], [110.359041, 20.008273], [110.358754, 20.008012], [110.358628, 20.007873], [110.358459, 20.007639], [110.358359, 20.007465], [110.358194, 20.007014], [110.358147, 20.006788], [110.358222, 20.006471], [110.358222, 20.006471], [110.358147, 20.006558], [110.35796, 20.006519], [110.357743, 20.006489], [110.357183, 20.006376], [110.35638, 20.006198], [110.356241, 20.006159], [110.355994, 20.006102], [110.355508, 20.005985], [110.353919, 20.005621], [110.353151, 20.005516], [110.352622, 20.005477], [110.352083, 20.005434], [110.351649, 20.00536], [110.351328, 20.005286], [110.350964, 20.005178], [110.350425, 20.00497], [110.349978, 20.004748], [110.349783, 20.004635], [110.349557, 20.00451], [110.349479, 20.004462], [110.348446, 20.003854], [110.347956, 20.003563], [110.347444, 20.003264], [110.34668, 20.002817], [110.346636, 20.002791], [110.346146, 20.002522], [110.345842, 20.002374], [110.345521, 20.002214], [110.3449, 20.00191], [110.343819, 20.001359], [110.343572, 20.001241], [110.343307, 20.001107], [110.342895, 20.000907], [110.342713, 20.000825], [110.34217, 20.000564], [110.342005, 20.00049], [110.341554, 20.000304], [110.341302, 20.000169], [110.340428, 19.99961]]"
15,"[6,14,21]","[180, 181, 185, 186, 188, 189, 191, 192, 194, 195, 197, 319, 335, 337]","[90, 14, 95, 32]","[11,12,18,17]","[60, 61, 62, 63, 64, 65, 132, 133, 134, 135, 136, 137, 285, 286, 287, 299, 300, 322, 323, 324, 337, 338, 1159, 1160, 1161, 1162, 1163, 1164, 1183, 1184, 1185, 1186, 1187, 1188, 1189, 1190, 1193, 1194, 1195, 1196, 1197, 1198, 1201, 1202, 1203, 1204, 1207, 1208, 1209, 1210, 1211, 1212, 1213, 1214, 1215, 1216, 1221, 1222, 1697, 1698, 1699, 1700, 1757, 1758, 1759, 1760, 1763, 1764]","[[110.358222, 20.006471], [110.358238, 20.006576], [110.358299, 20.00697], [110.358368, 20.007192], [110.358511, 20.0075], [110.358628, 20.007691], [110.358837, 20.007947], [110.359028, 20.008125], [110.359562, 20.008542], [110.359896, 20.008841], [110.360417, 20.009401], [110.360734, 20.009783], [110.361393, 20.010538], [110.361641, 20.01082], [110.361944, 20.011155], [110.362595, 20.011905], [110.363333, 20.012773], [110.363611, 20.013103], [110.364049, 20.013602], [110.364397, 20.014015], [110.364692, 20.014384], [110.364787, 20.014527], [110.36497, 20.014831], [110.365178, 20.015269], [110.365317, 20.015716], [110.365369, 20.016046], [110.365325, 20.016607], [110.365325, 20.016607], [110.365521, 20.016523], [110.365929, 20.01651], [110.366871, 20.016467], [110.36865, 20.016471], [110.368906, 20.016471], [110.370022, 20.016471], [110.370122, 20.016471], [110.370907, 20.016476], [110.371714, 20.016458], [110.372083, 20.01645], [110.373199, 20.016467], [110.373715, 20.016467], [110.373806, 20.016458], [110.374293, 20.016458], [110.37513, 20.016467], [110.375408, 20.016471], [110.377956, 20.016471], [110.378147, 20.016476], [110.378229, 20.016476], [110.379045, 20.01648], [110.379453, 20.016476], [110.379987, 20.016476], [110.380612, 20.016489], [110.381289, 20.016502], [110.381289, 20.016502], [110.383344, 20.016547], [110.383344, 20.016547], [110.383125, 20.01651], [110.38286, 20.016241], [110.382556, 20.015972], [110.381749, 20.015321], [110.38082, 20.014557], [110.38059, 20.014345], [110.380321, 20.014063], [110.379536, 20.013125], [110.379453, 20.013025], [110.378707, 20.012135], [110.378555, 20.011944], [110.377365, 20.010521], [110.37717, 20.010252], [110.37697, 20.009948], [110.376814, 20.009674], [110.376584, 20.009149], [110.376467, 20.008776], [110.376406, 20.008503], [110.376315, 20.007834], [110.376293, 20.007674], [110.376259, 20.007261], [110.376247, 20.006511], [110.376247, 20.006511], [110.375994, 20.006576], [110.375842, 20.006576], [110.375334, 20.006541], [110.374266, 20.006515], [110.373932, 20.006502], [110.37365, 20.006493], [110.373303, 20.006476], [110.372678, 20.00645], [110.372426, 20.006441], [110.371059, 20.00638], [110.370556, 20.006354], [110.37013, 20.006341], [110.369175, 20.006289], [110.36865, 20.006272], [110.368038, 20.006259], [110.367244, 20.006241], [110.366489, 20.00622], [110.366437, 20.00622], [110.366359, 20.00622], [110.365651, 20.006224], [110.365278, 20.006228], [110.364692, 20.006246], [110.363754, 20.006267], [110.363242, 20.006285], [110.3627, 20.006293], [110.361267, 20.006337], [110.359596, 20.00645], [110.358811, 20.006541], [110.358641, 20.006563], [110.358222, 20.006471]]"
16,"[8,17]","[211, 213, 214, 215, 283, 305, 307, 311]","[54, 26, 61, 49]","[13,14,20,19]","[115, 116, 154, 155, 156, 190, 191, 196, 197, 198, 199, 200, 215, 216, 217, 218, 219, 220, 221, 222, 223, 1277, 1278, 1279, 1280, 1283, 1284, 1285, 1286, 1287, 1288, 1289, 1290, 1543, 1544, 1545, 1546, 1547, 1548, 1549, 1550, 1653, 1654, 1655, 1656, 1661, 1662, 1671, 1672, 1673, 1674]","[[110.266405, 19.979793], [110.266497, 19.979939], [110.266489, 19.980326], [110.266497, 19.981697], [110.266484, 19.982617], [110.266497, 19.983142], [110.26651, 19.983346], [110.266558, 19.983516], [110.266628, 19.983733], [110.266719, 19.984128], [110.266875, 19.984805], [110.266923, 19.985061], [110.266953, 19.985512], [110.266918, 19.986141], [110.266884, 19.986372], [110.266645, 19.987695], [110.26661, 19.988077], [110.266576, 19.988199], [110.266532, 19.988746], [110.266506, 19.989193], [110.266502, 19.990742], [110.266497, 19.991892], [110.266497, 19.992079], [110.266489, 19.992283], [110.266489, 19.993885], [110.266502, 19.994787], [110.26651, 19.995117], [110.266523, 19.995603], [110.266523, 19.99579], [110.266416, 19.996082], [110.266416, 19.996082], [110.26661, 19.995977], [110.267044, 19.995977], [110.268212, 19.99599], [110.268351, 19.99599], [110.269462, 19.996007], [110.27003, 19.995998], [110.270686, 19.996016], [110.27105, 19.996016], [110.271597, 19.996011], [110.272122, 19.996016], [110.273194, 19.995998], [110.274731, 19.99599], [110.276207, 19.995968], [110.27694, 19.995964], [110.277695, 19.995964], [110.27822, 19.995968], [110.279188, 19.995985], [110.279773, 19.996057], [110.279773, 19.996057], [110.279696, 19.995985], [110.279644, 19.995629], [110.279601, 19.99533], [110.279575, 19.995117], [110.279557, 19.994965], [110.279505, 19.994345], [110.279466, 19.994032], [110.279423, 19.993576], [110.279375, 19.993099], [110.279332, 19.9926], [110.279332, 19.992396], [110.279379, 19.992153], [110.279466, 19.991836], [110.27964, 19.991141], [110.279809, 19.990586], [110.279913, 19.990174], [110.279987, 19.989757], [110.280009, 19.98928], [110.280013, 19.988867], [110.279983, 19.988281], [110.279913, 19.987188], [110.279779, 19.986532], [110.27954, 19.985616], [110.279319, 19.984761], [110.279162, 19.984128], [110.279145, 19.984063], [110.279062, 19.983733], [110.278915, 19.983177], [110.278767, 19.982778], [110.278668, 19.982569], [110.278355, 19.98207], [110.278121, 19.981688], [110.278082, 19.981628], [110.277856, 19.98125], [110.277674, 19.980946], [110.277439, 19.980556], [110.276762, 19.979444], [110.276285, 19.978628], [110.275894, 19.977928], [110.275894, 19.977928], [110.275512, 19.978207], [110.274097, 19.978663], [110.274023, 19.978685], [110.272543, 19.979184], [110.27217, 19.979306], [110.272114, 19.979327], [110.271567, 19.979479], [110.271202, 19.97957], [110.270343, 19.979727], [110.269787, 19.979809], [110.269293, 19.979857], [110.268325, 19.979939], [110.267891, 19.979944], [110.266405, 19.979793]]"
17,"[10,16,18]","[150, 171, 172, 210, 212, 216, 221, 308, 309, 310, 331, 346]","[62, 27, 69, 48]","[14,15,21,20]","[117, 118, 119, 150, 151, 152, 153, 157, 158, 186, 187, 188, 189, 215, 216, 217, 218, 219, 220, 221, 222, 223, 236, 237, 238, 239, 240, 241, 1023, 1024, 1025, 1026, 1027, 1028, 1121, 1122, 1123, 1124, 1125, 1126, 1127, 1128, 1129, 1130, 1269, 1270, 1271, 1272, 1273, 1274, 1275, 1276, 1281, 1282, 1291, 1292, 1307, 1308, 1309, 1310, 1663, 1664, 1665, 1666, 1667, 1668, 1669, 1670, 1733, 1734, 1735, 1736, 1737, 1738, 1739, 1740, 1741, 1742, 1797, 1798]","[[110.275894, 19.977928], [110.276137, 19.978086], [110.276376, 19.978477], [110.276719, 19.979054], [110.277166, 19.979809], [110.277617, 19.980538], [110.277812, 19.980872], [110.27829, 19.981671], [110.278325, 19.981736], [110.278503, 19.98201], [110.278676, 19.982287], [110.278872, 19.98263], [110.278958, 19.982821], [110.279071, 19.983129], [110.279227, 19.983707], [110.279327, 19.984128], [110.279484, 19.984731], [110.279714, 19.985603], [110.279978, 19.986602], [110.280082, 19.987183], [110.280139, 19.988077], [110.280187, 19.989006], [110.280187, 19.989245], [110.280182, 19.989306], [110.280152, 19.989761], [110.280082, 19.990143], [110.28003, 19.990382], [110.279878, 19.990964], [110.279644, 19.991871], [110.279562, 19.992179], [110.279527, 19.992391], [110.279518, 19.992609], [110.279562, 19.993086], [110.279605, 19.993494], [110.279666, 19.994089], [110.279744, 19.994931], [110.279761, 19.995117], [110.279787, 19.995443], [110.279796, 19.995556], [110.279773, 19.996057], [110.279773, 19.996057], [110.279835, 19.995977], [110.280391, 19.995964], [110.28076, 19.995959], [110.281593, 19.995964], [110.282413, 19.995942], [110.28276, 19.995924], [110.28303, 19.99592], [110.284049, 19.995877], [110.284484, 19.995868], [110.284562, 19.995868], [110.285512, 19.995855], [110.285677, 19.995851], [110.286376, 19.995838], [110.287018, 19.995825], [110.287179, 19.995816], [110.2873, 19.995812], [110.288173, 19.99579], [110.288893, 19.995777], [110.289466, 19.99576], [110.290586, 19.995725], [110.290699, 19.995725], [110.290951, 19.995716], [110.291554, 19.995699], [110.291966, 19.995694], [110.2924, 19.995677], [110.29276, 19.995664], [110.293038, 19.995651], [110.29438, 19.995668], [110.29438, 19.995668], [110.294258, 19.995595], [110.294262, 19.995117], [110.294271, 19.994735], [110.294284, 19.993941], [110.294284, 19.99339], [110.294301, 19.991493], [110.294301, 19.991458], [110.294293, 19.990825], [110.294288, 19.990256], [110.294288, 19.989831], [110.294284, 19.989531], [110.294288, 19.987101], [110.294288, 19.986267], [110.294288, 19.985942], [110.294288, 19.985378], [110.294288, 19.984874], [110.294288, 19.984128], [110.294288, 19.984015], [110.294284, 19.983077], [110.294288, 19.981341], [110.294288, 19.981285], [110.294288, 19.981241], [110.294288, 19.980282], [110.294288, 19.980035], [110.294288, 19.979605], [110.294293, 19.979284], [110.294288, 19.97862], [110.294364, 19.975997], [110.294364, 19.975997], [110.294271, 19.976094], [110.293668, 19.976089], [110.292127, 19.976081], [110.29115, 19.976076], [110.290082, 19.976072], [110.290026, 19.976072], [110.289362, 19.976072], [110.28826, 19.976068], [110.286745, 19.976068], [110.285781, 19.976068], [110.28572, 19.976068], [110.2851, 19.976068], [110.285039, 19.976072], [110.284709, 19.976072], [110.284253, 19.976059], [110.283234, 19.976094], [110.2827, 19.976124], [110.281615, 19.976311], [110.281059, 19.976424], [110.28076, 19.976502], [110.280213, 19.976645], [110.279905, 19.976727], [110.279049, 19.97701], [110.27862, 19.977153], [110.27803, 19.977352], [110.277717, 19.97747], [110.276667, 19.977821], [110.276554, 19.977852], [110.276085, 19.978008], [110.275894, 19.977928]]"
18,"[12,13,17,19,20]","[130, 131, 132, 133, 134, 149, 155, 157, 158, 159, 160, 161, 162, 163, 164, 165, 166, 167, 168, 169, 170, 229, 235, 236, 264, 274, 275, 276, 277, 278, 279, 280, 281, 282, 312, 318, 327]","[70, 28, 29, 77, 78, 47]","[15,34,16,27,22,21]","[120, 121, 122, 123, 124, 125, 126, 142, 143, 144, 145, 146, 147, 148, 149, 159, 160, 161, 162, 163, 164, 179, 180, 181, 182, 183, 184, 185, 236, 237, 238, 239, 240, 241, 261, 262, 263, 264, 265, 266, 267, 268, 269, 947, 948, 949, 950, 951, 952, 953, 954, 955, 956, 957, 958, 959, 960, 961, 962, 963, 964, 965, 966, 1021, 1022, 1049, 1050, 1057, 1058, 1059, 1060, 1061, 1062, 1063, 1064, 1065, 1066, 1067, 1068, 1069, 1070, 1071, 1072, 1073, 1074, 1075, 1076, 1077, 1078, 1079, 1080, 1081, 1082, 1083, 1084, 1085, 1086, 1087, 1088, 1089, 1090, 1091, 1092, 1093, 1094, 1095, 1096, 1097, 1098, 1099, 1100, 1101, 1102, 1103, 1104, 1105, 1106, 1107, 1108, 1109, 1110, 1111, 1112, 1113, 1114, 1115, 1116, 1117, 1118, 1119, 1120, 1345, 1346, 1365, 1366, 1367, 1368, 1369, 1370, 1371, 1372, 1481, 1482, 1483, 1484, 1485, 1486, 1525, 1526, 1527, 1528, 1529, 1530, 1531, 1532, 1533, 1534, 1535, 1536, 1537, 1538, 1539, 1540, 1541, 1542, 1675, 1676, 1693, 1694, 1695, 1696, 1717, 1718]","[[110.294364, 19.975997], [110.294453, 19.976137], [110.294462, 19.976636], [110.294449, 19.977096], [110.294462, 19.978095], [110.294462, 19.979227], [110.294466, 19.979596], [110.294462, 19.981237], [110.294462, 19.981298], [110.294466, 19.981901], [110.294466, 19.982279], [110.294462, 19.984128], [110.294466, 19.985473], [110.294466, 19.985924], [110.294466, 19.986185], [110.294466, 19.987791], [110.294466, 19.98901], [110.294462, 19.989826], [110.294466, 19.990247], [110.294466, 19.991463], [110.294466, 19.991536], [110.29447, 19.99204], [110.294462, 19.99319], [110.294462, 19.993941], [110.294475, 19.994744], [110.294488, 19.995117], [110.29438, 19.995668], [110.29438, 19.995668], [110.294484, 19.995582], [110.296311, 19.995438], [110.297036, 19.995369], [110.297491, 19.995326], [110.29878, 19.995208], [110.299727, 19.995117], [110.299839, 19.995104], [110.299922, 19.995095], [110.300816, 19.995009], [110.301337, 19.994952], [110.302734, 19.994822], [110.302986, 19.9948], [110.303329, 19.994766], [110.304084, 19.994688], [110.304366, 19.994657], [110.304674, 19.994627], [110.30497, 19.99469], [110.30497, 19.99469], [110.305043, 19.994618], [110.306181, 19.994609], [110.307313, 19.994631], [110.307899, 19.994657], [110.309106, 19.994761], [110.311089, 19.994952], [110.311376, 19.994983], [110.312062, 19.995052], [110.31283, 19.995117], [110.313524, 19.995169], [110.313611, 19.995174], [110.314362, 19.995191], [110.315239, 19.995191], [110.315725, 19.995191], [110.31605, 19.995195], [110.316675, 19.995195], [110.317778, 19.9952], [110.318025, 19.995208], [110.318542, 19.995208], [110.319249, 19.995195], [110.319787, 19.995187], [110.320291, 19.995187], [110.320369, 19.995191], [110.320859, 19.995195], [110.321515, 19.995208], [110.322092, 19.995213], [110.322387, 19.995213], [110.323294, 19.995217], [110.323663, 19.995221], [110.324366, 19.995221], [110.324705, 19.995221], [110.325677, 19.995217], [110.327144, 19.995195], [110.328546, 19.995217], [110.328663, 19.995217], [110.329609, 19.995239], [110.330252, 19.995334], [110.330616, 19.995425], [110.330955, 19.99553], [110.331202, 19.995625], [110.331775, 19.995877], [110.332296, 19.996111], [110.332552, 19.996233], [110.333394, 19.99661], [110.33352, 19.996667], [110.333746, 19.996758], [110.334076, 19.996892], [110.334957, 19.997201], [110.335551, 19.997444], [110.335898, 19.997582], [110.33602, 19.99763], [110.33668, 19.997886], [110.336918, 19.99799], [110.337292, 19.998142], [110.338056, 19.998472], [110.338155, 19.998516], [110.338824, 19.998811], [110.339622, 19.999167], [110.340428, 19.99961], [110.340428, 19.99961], [110.340286, 19.999449], [110.34033, 19.998893], [110.340347, 19.998694], [110.340373, 19.998359], [110.340395, 19.997995], [110.340434, 19.997613], [110.340456, 19.997405], [110.340569, 19.996489], [110.340681, 19.995564], [110.340712, 19.995326], [110.340729, 19.995117], [110.340781, 19.994605], [110.340838, 19.994188], [110.340846, 19.994141], [110.340855, 19.994062], [110.340929, 19.993472], [110.340942, 19.993338], [110.341094, 19.992287], [110.341224, 19.991146], [110.341272, 19.99069], [110.341306, 19.990395], [110.341458, 19.989015], [110.341623, 19.987517], [110.341649, 19.987161], [110.341688, 19.986762], [110.341693, 19.986697], [110.341915, 19.985881], [110.341915, 19.985881], [110.341784, 19.985781], [110.341819, 19.985282], [110.341845, 19.984722], [110.341845, 19.984722], [110.341914, 19.984128], [110.34214, 19.982287], [110.342166, 19.982053], [110.342257, 19.981445], [110.342435, 19.980373], [110.342526, 19.979635], [110.342783, 19.978644], [110.342783, 19.978644], [110.342635, 19.978763], [110.342088, 19.978737], [110.341055, 19.978668], [110.340043, 19.978594], [110.339922, 19.978581], [110.338429, 19.978468], [110.337865, 19.978416], [110.33668, 19.978238], [110.336589, 19.978229], [110.335864, 19.978116], [110.335091, 19.97799], [110.333971, 19.977821], [110.333715, 19.977778], [110.332678, 19.977617], [110.332313, 19.977556], [110.331918, 19.9775], [110.331858, 19.977487], [110.331549, 19.977439], [110.331055, 19.977365], [110.330955, 19.977348], [110.330347, 19.977253], [110.329905, 19.977187], [110.328681, 19.977005], [110.327452, 19.976801], [110.326962, 19.976732], [110.325434, 19.976489], [110.324705, 19.976376], [110.324141, 19.976285], [110.324028, 19.976272], [110.323685, 19.976215], [110.323212, 19.97615], [110.323112, 19.976146], [110.322756, 19.976141], [110.321892, 19.97615], [110.320838, 19.976141], [110.320399, 19.976137], [110.319653, 19.97612], [110.319253, 19.976115], [110.317075, 19.976115], [110.315573, 19.97612], [110.314605, 19.976115], [110.314479, 19.976115], [110.313997, 19.976115], [110.313707, 19.976124], [110.312639, 19.976115], [110.309253, 19.976107], [110.307986, 19.976102], [110.305764, 19.976098], [110.304149, 19.976098], [110.304036, 19.976094], [110.30372, 19.976098], [110.302817, 19.976098], [110.302734, 19.976094], [110.302717, 19.976094], [110.302578, 19.976098], [110.30099, 19.976089], [110.299939, 19.976089], [110.299614, 19.976089], [110.298885, 19.976094], [110.298533, 19.976094], [110.297196, 19.976076], [110.297109, 19.976081], [110.296393, 19.976076], [110.29553, 19.976089], [110.295065, 19.976094], [110.294364, 19.975997]]"
19,"[14,18,20,21]","[24, 25, 126, 127, 128, 129, 136, 146, 148, 154, 187, 200, 201, 202, 205, 206, 207, 303, 304]","[80, 30, 86, 105]","[16,17,26,27]","[127, 128, 129, 130, 131, 138, 139, 140, 141, 261, 262, 266, 267, 268, 269, 288, 289, 290, 291, 294, 295, 296, 297, 298, 340, 341, 342, 343, 344, 345, 350, 351, 352, 353, 354, 489, 490, 491, 492, 493, 494, 495, 496, 927, 928, 929, 930, 931, 932, 933, 934, 935, 936, 937, 938, 939, 940, 941, 942, 943, 944, 945, 946, 973, 974, 1007, 1008, 1009, 1010, 1013, 1014, 1015, 1016, 1017, 1018, 1019, 1020, 1045, 1046, 1047, 1048, 1191, 1192, 1243, 1244, 1245, 1246, 1247, 1248, 1257, 1258, 1259, 1260, 1261, 1262, 1649, 1650, 1651, 1652]","[[110.341915, 19.985881], [110.342066, 19.985994], [110.342001, 19.986437], [110.341957, 19.986784], [110.341931, 19.987109], [110.341888, 19.987487], [110.341888, 19.987487], [110.34171, 19.989167], [110.341549, 19.990434], [110.341519, 19.990716], [110.341458, 19.991246], [110.341328, 19.992435], [110.341302, 19.992674], [110.341224, 19.993372], [110.341133, 19.994102], [110.34112, 19.99418], [110.341068, 19.994666], [110.341055, 19.994779], [110.341024, 19.995117], [110.340981, 19.995577], [110.340807, 19.996849], [110.340734, 19.997396], [110.340707, 19.997869], [110.340703, 19.997995], [110.340655, 19.998711], [110.340428, 19.99961], [110.340428, 19.99961], [110.340569, 19.999583], [110.340968, 19.99977], [110.341137, 19.999852], [110.341419, 19.999996], [110.341623, 20.0001], [110.34201, 20.000295], [110.342361, 20.000473], [110.342956, 20.000764], [110.343329, 20.000951], [110.343576, 20.001068], [110.343763, 20.001159], [110.34428, 20.001419], [110.344527, 20.001536], [110.344987, 20.001766], [110.34559, 20.002075], [110.34592, 20.002227], [110.34622, 20.002378], [110.34668, 20.002626], [110.346736, 20.002656], [110.347218, 20.002951], [110.347513, 20.003129], [110.348056, 20.003433], [110.348537, 20.00372], [110.349115, 20.004062], [110.349557, 20.004332], [110.349635, 20.004379], [110.349865, 20.00451], [110.350347, 20.004761], [110.350916, 20.004996], [110.351198, 20.005087], [110.351593, 20.005191], [110.352122, 20.005273], [110.352517, 20.005308], [110.352778, 20.005334], [110.353125, 20.005365], [110.353529, 20.005404], [110.354084, 20.005495], [110.355378, 20.005803], [110.355933, 20.005946], [110.356267, 20.006016], [110.356762, 20.006102], [110.357036, 20.00615], [110.358222, 20.006471], [110.358222, 20.006471], [110.358194, 20.006398], [110.358277, 20.006168], [110.358299, 20.006102], [110.358329, 20.006007], [110.358529, 20.005569], [110.358724, 20.005065], [110.358898, 20.004648], [110.359032, 20.004358], [110.359132, 20.004188], [110.35928, 20.003971], [110.359518, 20.003676], [110.359674, 20.003511], [110.35997, 20.003247], [110.3601, 20.003151], [110.360321, 20.003016], [110.360512, 20.002904], [110.361766, 20.002196], [110.362066, 20.002023], [110.362279, 20.001901], [110.362804, 20.00161], [110.363872, 20.001016], [110.364245, 20.000807], [110.36467, 20.000569], [110.364983, 20.000399], [110.365043, 20.00036], [110.365308, 20.000213], [110.365391, 20.000165], [110.365851, 19.999905], [110.365924, 19.999852], [110.36615, 19.999722], [110.366788, 19.99934], [110.367018, 19.999188], [110.367257, 19.999006], [110.367439, 19.998832], [110.367626, 19.99865], [110.367982, 19.998234], [110.368142, 19.998034], [110.368581, 19.997483], [110.36865, 19.9974], [110.369306, 19.996584], [110.369631, 19.996176], [110.369974, 19.99576], [110.370204, 19.995482], [110.370486, 19.995117], [110.370564, 19.995013], [110.370712, 19.994813], [110.370942, 19.994444], [110.371202, 19.993893], [110.371328, 19.993485], [110.371376, 19.993186], [110.371424, 19.992943], [110.371484, 19.992235], [110.371489, 19.992127], [110.371493, 19.992018], [110.371515, 19.99105], [110.371519, 19.990122], [110.371569, 19.98945], [110.371569, 19.98945], [110.370807, 19.98944], [110.369748, 19.989293], [110.369123, 19.989223], [110.368989, 19.989201], [110.36865, 19.989162], [110.368398, 19.989132], [110.367921, 19.98908], [110.367357, 19.98901], [110.367309, 19.989006], [110.367235, 19.988993], [110.366875, 19.98895], [110.365443, 19.988785], [110.365122, 19.988754], [110.363928, 19.988598], [110.363177, 19.988507], [110.362813, 19.988464], [110.362652, 19.988451], [110.361966, 19.988377], [110.361871, 19.988359], [110.36148, 19.988307], [110.360994, 19.988255], [110.360803, 19.988234], [110.360464, 19.98819], [110.359766, 19.988103], [110.35947, 19.988073], [110.358759, 19.987982], [110.357938, 19.987891], [110.357713, 19.987869], [110.356845, 19.987756], [110.355321, 19.987582], [110.354128, 19.987439], [110.353993, 19.987422], [110.353381, 19.987352], [110.353142, 19.987322], [110.352426, 19.987235], [110.352131, 19.987201], [110.35148, 19.987118], [110.351241, 19.987096], [110.350707, 19.98704], [110.350603, 19.987027], [110.350482, 19.98701], [110.349718, 19.986914], [110.34947, 19.986888], [110.348737, 19.986797], [110.348051, 19.986714], [110.347174, 19.986606], [110.346966, 19.986576], [110.34671, 19.986549], [110.34668, 19.986541], [110.346306, 19.986502], [110.346207, 19.986484], [110.346146, 19.98648], [110.345786, 19.986437], [110.345373, 19.98638], [110.345, 19.986337], [110.344249, 19.986254], [110.344167, 19.986246], [110.343932, 19.98622], [110.343624, 19.986194], [110.342886, 19.986107], [110.341915, 19.985881]]"
20,"[18,19,22]","[15, 196, 252, 253, 254, 255, 325]","[79, 102, 87, 46]","[27,26,23,22]","[165, 166, 167, 175, 176, 177, 178, 263, 264, 265, 292, 293, 340, 341, 342, 343, 344, 345, 350, 351, 352, 353, 354, 451, 452, 453, 454, 455, 456, 1217, 1218, 1219, 1220, 1431, 1432, 1433, 1434, 1435, 1436, 1437, 1438, 1439, 1440, 1441, 1442, 1443, 1444, 1445, 1446, 1713, 1714]","[[110.342783, 19.978644], [110.34286, 19.978845], [110.342821, 19.979227], [110.342752, 19.979661], [110.342491, 19.981424], [110.342409, 19.982031], [110.34237, 19.982322], [110.342183, 19.984128], [110.342114, 19.984779], [110.342088, 19.985286], [110.341915, 19.985881], [110.341915, 19.985881], [110.342196, 19.985846], [110.342522, 19.985903], [110.343077, 19.985972], [110.343611, 19.986042], [110.344414, 19.986163], [110.345161, 19.986254], [110.34572, 19.986324], [110.346181, 19.986372], [110.34625, 19.98638], [110.346319, 19.986389], [110.346402, 19.986398], [110.34668, 19.986424], [110.346762, 19.986437], [110.346988, 19.986463], [110.347196, 19.986489], [110.348125, 19.986606], [110.348533, 19.986654], [110.348785, 19.986684], [110.349523, 19.98678], [110.349605, 19.986788], [110.349731, 19.986806], [110.349874, 19.986832], [110.35003, 19.986849], [110.350595, 19.986914], [110.350642, 19.986918], [110.351137, 19.98697], [110.351489, 19.98701], [110.351923, 19.987057], [110.352153, 19.987083], [110.353147, 19.987209], [110.353411, 19.987235], [110.354149, 19.987313], [110.354766, 19.987396], [110.355343, 19.987465], [110.35628, 19.987578], [110.357144, 19.987678], [110.357721, 19.987743], [110.357964, 19.987769], [110.358685, 19.987856], [110.359275, 19.987934], [110.359722, 19.98799], [110.360352, 19.988056], [110.360764, 19.988116], [110.360994, 19.988147], [110.361198, 19.988173], [110.361879, 19.988255], [110.361975, 19.988264], [110.362305, 19.988303], [110.36283, 19.988359], [110.363186, 19.988394], [110.364036, 19.98849], [110.364557, 19.988555], [110.365126, 19.988624], [110.36543, 19.988663], [110.366667, 19.988785], [110.366758, 19.988798], [110.366884, 19.988815], [110.367266, 19.988872], [110.36786, 19.988945], [110.36865, 19.989049], [110.368993, 19.989093], [110.369045, 19.989097], [110.369154, 19.989106], [110.369705, 19.989171], [110.371569, 19.98945], [110.371569, 19.98945], [110.371541, 19.989058], [110.371541, 19.988733], [110.371589, 19.986914], [110.371649, 19.984935], [110.371658, 19.984128], [110.371697, 19.981684], [110.371853, 19.978346], [110.371853, 19.978346], [110.371068, 19.978437], [110.36974, 19.97842], [110.36865, 19.978437], [110.367826, 19.978446], [110.366567, 19.978464], [110.366484, 19.978464], [110.365612, 19.978459], [110.363937, 19.978455], [110.363576, 19.978455], [110.362452, 19.978455], [110.36197, 19.978477], [110.361884, 19.978477], [110.361445, 19.978481], [110.360213, 19.978481], [110.359696, 19.978477], [110.359588, 19.978468], [110.356675, 19.978437], [110.354518, 19.978416], [110.351471, 19.978416], [110.350556, 19.978416], [110.348737, 19.978433], [110.348641, 19.978437], [110.348307, 19.978455], [110.347934, 19.978468], [110.3473, 19.978507], [110.347083, 19.978516], [110.346832, 19.978533], [110.34668, 19.978546], [110.345026, 19.978646], [110.344536, 19.978681], [110.343511, 19.978754], [110.343251, 19.978776], [110.342783, 19.978644]]"
21,"[15,19,23]","[75, 145, 147, 190, 193, 203, 336, 338]","[89, 31, 96, 104]","[17,18,28,26]","[132, 133, 134, 135, 136, 137, 288, 289, 290, 291, 294, 295, 296, 297, 298, 325, 326, 327, 328, 329, 335, 336, 346, 347, 348, 349, 733, 734, 735, 736, 1003, 1004, 1005, 1006, 1011, 1012, 1199, 1200, 1205, 1206, 1249, 1250, 1251, 1252, 1761, 1762, 1765, 1766, 1767, 1768]","[[110.371569, 19.98945], [110.371654, 19.989848], [110.371645, 19.990156], [110.371628, 19.991072], [110.371606, 19.992075], [110.371606, 19.992248], [110.371589, 19.992648], [110.371554, 19.99296], [110.371424, 19.993537], [110.371289, 19.993945], [110.371224, 19.994119], [110.371068, 19.994423], [110.370964, 19.994609], [110.370803, 19.99487], [110.370712, 19.995004], [110.370621, 19.995117], [110.370443, 19.995339], [110.370295, 19.995521], [110.370122, 19.995742], [110.369809, 19.996124], [110.369392, 19.996649], [110.369089, 19.997027], [110.36865, 19.997565], [110.368273, 19.998034], [110.368082, 19.998281], [110.367852, 19.998559], [110.367695, 19.99872], [110.367565, 19.99885], [110.367383, 19.999019], [110.367166, 19.999193], [110.366801, 19.999462], [110.366467, 19.999666], [110.366037, 19.999922], [110.365959, 19.99997], [110.365399, 20.000286], [110.365152, 20.000417], [110.365095, 20.000447], [110.364735, 20.000651], [110.364514, 20.000768], [110.363464, 20.001354], [110.362852, 20.001693], [110.362305, 20.001997], [110.362122, 20.002105], [110.361827, 20.002279], [110.361632, 20.002383], [110.360608, 20.002956], [110.360391, 20.003086], [110.360278, 20.003151], [110.360026, 20.003325], [110.359874, 20.003446], [110.359714, 20.003607], [110.359371, 20.004019], [110.359123, 20.004397], [110.358971, 20.004735], [110.358442, 20.006068], [110.358424, 20.006102], [110.358372, 20.006215], [110.358222, 20.006471], [110.358222, 20.006471], [110.35829, 20.006419], [110.358707, 20.006406], [110.358906, 20.006385], [110.359891, 20.006306], [110.360634, 20.006241], [110.361254, 20.006207], [110.361957, 20.006194], [110.363416, 20.006155], [110.364601, 20.006124], [110.365282, 20.006102], [110.366437, 20.006081], [110.366489, 20.006081], [110.367244, 20.006102], [110.367244, 20.006102], [110.36865, 20.00615], [110.368802, 20.006155], [110.369062, 20.006168], [110.370061, 20.006215], [110.37053, 20.006237], [110.370786, 20.006228], [110.372357, 20.006328], [110.372682, 20.006337], [110.373377, 20.006363], [110.373681, 20.006376], [110.373928, 20.00638], [110.374271, 20.006389], [110.37536, 20.006432], [110.376247, 20.006511], [110.376247, 20.006511], [110.376181, 20.006454], [110.376137, 20.006102], [110.376133, 20.006046], [110.376089, 20.005399], [110.376068, 20.004878], [110.376068, 20.004796], [110.376085, 20.004462], [110.376115, 20.004175], [110.376176, 20.003863], [110.376332, 20.003394], [110.376476, 20.003021], [110.376645, 20.002648], [110.376736, 20.00247], [110.377114, 20.001693], [110.377639, 20.000642], [110.377895, 20.000195], [110.378216, 19.999674], [110.379206, 19.99822], [110.379327, 19.998051], [110.379401, 19.99793], [110.379453, 19.99786], [110.380378, 19.996602], [110.380595, 19.996289], [110.380981, 19.995742], [110.381176, 19.995451], [110.381263, 19.99493], [110.381263, 19.99493], [110.381163, 19.995122], [110.381107, 19.99497], [110.38092, 19.994757], [110.380716, 19.994562], [110.380273, 19.994102], [110.379931, 19.993759], [110.379844, 19.993676], [110.37954, 19.993381], [110.379453, 19.993299], [110.379314, 19.993164], [110.37898, 19.992834], [110.378945, 19.992791], [110.377951, 19.991827], [110.377613, 19.991497], [110.377361, 19.991246], [110.377287, 19.991168], [110.376944, 19.990816], [110.376693, 19.990586], [110.376337, 19.990313], [110.376046, 19.990156], [110.375816, 19.990056], [110.37559, 19.989983], [110.375365, 19.989935], [110.37474, 19.989852], [110.373841, 19.989779], [110.37329, 19.989714], [110.371569, 19.98945]]"
22,"[20,23]",[328],"[88, 92, 45]","[26,25,23]","[168, 174, 292, 293, 310, 311, 312, 1719, 1720]","[[110.371853, 19.978346], [110.371905, 19.978559], [110.371836, 19.981675], [110.37178, 19.984128], [110.371758, 19.984926], [110.371701, 19.986827], [110.371675, 19.988767], [110.371569, 19.98945], [110.371569, 19.98945], [110.371693, 19.989397], [110.371966, 19.989427], [110.372357, 19.98947], [110.373247, 19.989583], [110.373247, 19.989583], [110.374067, 19.988641], [110.374175, 19.988524], [110.37467, 19.987899], [110.375486, 19.986918], [110.376007, 19.986398], [110.37658, 19.985842], [110.376797, 19.985625], [110.37694, 19.985486], [110.377131, 19.985299], [110.377374, 19.985056], [110.377713, 19.984744], [110.377856, 19.984596], [110.378312, 19.984128], [110.378442, 19.984002], [110.378611, 19.983802], [110.37872, 19.983637], [110.379019, 19.983038], [110.379266, 19.982539], [110.379449, 19.982183], [110.379648, 19.981766], [110.380564, 19.979957], [110.381155, 19.979035], [110.381155, 19.979035], [110.381055, 19.979102], [110.380686, 19.978902], [110.38049, 19.978802], [110.380113, 19.978659], [110.37964, 19.978533], [110.379449, 19.978494], [110.379054, 19.978437], [110.378859, 19.978433], [110.377422, 19.978455], [110.375477, 19.978437], [110.374245, 19.978424], [110.373542, 19.978424], [110.371853, 19.978346]]"
23,"[21,22]","[135, 217, 218, 219, 220]","[103, 97, 44, 93]","[28,24,25,26]","[169, 170, 171, 172, 173, 310, 311, 312, 330, 331, 332, 333, 334, 346, 347, 348, 349, 967, 968, 969, 970, 971, 972, 1293, 1294, 1295, 1296, 1297, 1298, 1299, 1300, 1301, 1302, 1303, 1304, 1305, 1306]","[[110.371569, 19.98945], [110.371966, 19.989427], [110.372357, 19.98947], [110.373247, 19.989583], [110.373416, 19.989605], [110.37401, 19.98967], [110.374748, 19.98974], [110.375247, 19.989787], [110.375621, 19.98987], [110.376115, 19.990056], [110.376445, 19.990239], [110.376784, 19.990482], [110.377044, 19.99072], [110.377365, 19.991042], [110.377448, 19.991128], [110.3777, 19.991393], [110.377765, 19.991463], [110.37799, 19.991688], [110.378446, 19.992127], [110.379401, 19.993056], [110.379453, 19.993108], [110.379579, 19.993234], [110.380373, 19.99401], [110.38059, 19.99421], [110.380829, 19.994475], [110.381024, 19.994648], [110.381102, 19.994701], [110.381263, 19.99493], [110.381263, 19.99493], [110.381632, 19.994688], [110.382157, 19.993689], [110.382652, 19.992656], [110.382747, 19.992422], [110.383754, 19.990334], [110.383976, 19.989883], [110.384501, 19.98885], [110.384731, 19.988468], [110.384996, 19.988086], [110.38523, 19.987782], [110.385499, 19.98747], [110.385929, 19.987027], [110.386997, 19.985985], [110.387157, 19.985833], [110.387856, 19.985152], [110.388346, 19.984661], [110.38917, 19.983973], [110.38917, 19.983973], [110.389028, 19.983728], [110.388659, 19.983485], [110.388234, 19.983212], [110.387248, 19.982556], [110.387079, 19.982439], [110.386766, 19.982244], [110.38556, 19.98151], [110.385265, 19.981324], [110.385156, 19.981254], [110.384831, 19.981059], [110.383924, 19.980582], [110.383134, 19.980182], [110.382999, 19.980104], [110.382839, 19.980022], [110.382313, 19.97974], [110.381549, 19.979349], [110.381155, 19.979035], [110.381155, 19.979035], [110.381098, 19.979223], [110.380929, 19.979492], [110.380807, 19.979714], [110.380764, 19.979783], [110.380673, 19.979948], [110.380408, 19.980438], [110.380126, 19.981024], [110.379549, 19.982174], [110.379449, 19.98237], [110.379388, 19.982491], [110.378941, 19.98339], [110.378715, 19.983811], [110.378563, 19.98401], [110.378446, 19.984128], [110.378069, 19.984505], [110.377409, 19.985148], [110.377352, 19.985208], [110.377205, 19.985347], [110.376901, 19.985651], [110.37668, 19.985855], [110.376081, 19.986458], [110.375872, 19.986667], [110.375456, 19.98707], [110.37474, 19.98796], [110.37424, 19.988585], [110.374136, 19.988707], [110.371569, 19.98945]]"
