id,neighbor_edges
0,"[0, 37, 38, 748, 204, 205, 751]"
1,"[704, 1, 2, 35, 36, 229, 742, 228, 5, 739, 206]"
2,"[33, 34, 6, 7, 230, 9, 841, 743, 248, 249, 828, 767]"
3,"[28, 717, 15, 16, 20, 278, 439, 505, 279, 29]"
4,"[321, 338, 339, 1139, 309, 308, 600, 25, 26, 62]"
5,"[192, 193, 194, 1639, 201, 202, 203, 1644, 371, 89, 90]"
6,"[226, 227, 739, 485, 742, 228, 40, 41, 42, 206, 207, 209, 85, 86, 88]"
7,"[230, 231, 743, 828, 44, 45, 817, 83, 84, 1715, 246, 247, 248, 796]"
8,"[1730, 1803, 76, 75, 77, 271, 1422, 1727, 114, 113, 52, 53, 54, 91, 382, 255]"
9,"[1730, 382, 75, 111, 112, 272, 400, 271, 1727, 1429, 54, 113, 91, 92, 253, 254, 255]"
10,"[257, 1029, 1032, 270, 271, 272, 53, 54, 55, 1725, 1727, 1728, 1729, 1730, 1732, 74, 75, 76, 1618, 981, 984, 986, 92, 1633, 1636, 112, 114, 254, 255]"
11,"[642, 1795, 283, 284, 285, 1189, 299, 300, 303, 58, 59, 61, 64, 65, 1221, 70, 1622, 995, 100, 99, 621, 1647]"
12,"[320, 321, 64, 322, 1189, 1389, 621, 337, 338, 61, 62]"
13,"[194, 195, 1279, 196, 199, 200, 201, 371, 116, 214, 153, 154, 223]"
14,"[1290, 1706, 1741, 1744, 115, 116, 213, 214, 118, 152, 153, 1309, 222, 223]"
15,"[359, 234, 235, 1741, 366, 237, 240, 241, 1744, 243, 148, 149, 118, 119, 152, 1270, 1021, 1342]"
16,"[128, 259, 260, 261, 140, 269, 141, 268, 1520, 951, 1367, 1498, 125, 126]"
17,"[289, 130, 131, 1247, 136, 137, 298, 1163, 297, 1206, 1243, 1628, 286, 287]"
18,"[323, 324, 133, 134, 1767, 326, 335, 336, 1212]"
19,"[1279, 196, 197, 199, 155, 190, 191]"
20,"[1669, 219, 1275, 156, 217, 218, 155, 188, 189, 190]"
21,"[1345, 1291, 237, 238, 240, 1021, 1270, 184, 185, 187, 157, 158]"
22,"[354, 163, 452, 164, 262, 263, 165, 265, 1541, 177, 178, 179, 1717]"
23,"[291, 292, 293, 166, 167, 168, 173, 174, 175, 311, 312, 345, 349, 1438]"
24,"[169, 170, 331, 332, 971, 172, 333, 1305]"
25,"[292, 167, 168, 169, 971, 172, 173, 174, 310, 311, 1720]"
26,"[1441, 290, 291, 292, 293, 934, 167, 168, 296, 173, 174, 311, 312, 968, 344, 345, 346, 348, 349, 735, 1005]"
27,"[353, 354, 261, 262, 264, 265, 1676, 973, 268, 1714, 1717, 1718, 951, 1695]"
28,"[328, 329, 968, 331, 1004, 333, 334, 1005, 1305, 346, 347, 348]"
29,"[193, 194, 195, 355, 154, 200, 201, 202, 370, 371, 90]"
30,"[224, 355, 356, 357, 1132, 1712, 369, 210, 211, 116, 368, 214, 1745, 370, 153, 223]"
31,"[480, 770, 1318, 359, 358, 233, 234, 1577, 365, 366, 367, 242, 243, 245, 1336, 794]"
32,"[1474, 803, 361, 362, 363, 1778, 786, 372, 373, 1779, 376, 377, 378]"
33,"[1478, 487, 1802, 47, 48, 80, 79, 50, 82, 379, 380, 798]"
34,"[1120, 1050, 146, 147, 1333, 374, 375, 120, 121, 122, 1339]"
35,"[704, 1, 0, 706, 740, 37, 751, 703]"
36,"[0, 2, 36, 229, 38, 747, 205, 750, 751, 752]"
37,"[737, 2, 3, 36, 229, 738]"
38,"[737, 3, 4, 760, 761, 762, 764]"
39,"[768, 35, 5, 6, 753, 756, 765, 767]"
40,"[34, 4, 5, 7, 249, 762]"
41,"[1419, 14, 15, 437, 853, 439, 440, 30]"
42,"[837, 10, 11, 844, 13, 846, 1266, 819, 820, 31]"
43,"[832, 33, 835, 837, 838, 841, 9, 10]"
44,"[32, 833, 836, 839, 8, 841, 9, 11, 842, 820, 1142]"
45,"[416, 1157, 1419, 844, 13, 14, 843, 12, 849, 852, 30]"
46,"[34, 834, 7, 8, 1141, 1142, 1144, 249]"
47,"[32, 1157, 1158, 11, 12, 847, 850, 820]"
48,"[1417, 1419, 1420, 844, 14, 13, 16, 851, 854, 279, 29, 31]"
49,"[563, 1140, 885, 23, 24, 441, 442, 925, 894]"
50,"[512, 887, 881, 19, 20, 22, 503, 505, 506, 27, 509]"
51,"[547, 550, 561, 563, 23, 564, 22, 887, 27]"
52,"[676, 683, 684, 17, 18, 698, 859]"
53,"[715, 718, 16, 17, 279, 857, 859, 860, 29]"
54,"[869, 872, 684, 881, 18, 19, 882]"
55,"[545, 548, 339, 888, 21, 22, 887, 309, 26, 923]"
56,"[921, 28, 20, 21, 505, 570, 923, 924]"
57,"[441, 1139, 1140, 885, 24, 25, 442, 925, 894]"
58,"[545, 923, 548, 339, 309, 21, 888, 26, 27]"
59,"[512, 887, 881, 19, 22, 503, 506, 27, 28, 509]"
60,"[1417, 1420, 844, 13, 16, 851, 854, 279, 29, 30, 31]"
61,"[416, 1157, 843, 1419, 12, 14, 849, 852, 30, 31]"
62,"[32, 837, 10, 844, 13, 846, 1266, 819, 31]"
63,"[32, 33, 833, 836, 839, 8, 842, 11, 820, 1142]"
64,"[34, 35, 4, 7, 249, 762]"
65,"[2, 36, 37, 38, 229, 747, 205, 750, 752]"
66,"[193, 39, 1641, 1642, 202, 90]"
67,"[39, 40, 745, 1642, 87]"
68,"[43, 44, 813, 1135, 816, 817, 818]"
69,"[483, 486, 42, 43, 1133, 1135, 1136, 85]"
70,"[227, 231, 41, 42, 45, 207, 84, 86, 247]"
71,"[800, 1703, 488, 797, 811, 46, 47, 783, 81, 1143, 825, 829, 798]"
72,"[231, 809, 811, 812, 45, 46, 781, 784, 84, 247]"
73,"[385, 386, 387, 1478, 1803, 1804, 77, 1422, 79, 50, 51, 52, 1586, 1722]"
74,"[385, 1477, 1478, 1480, 1801, 78, 49, 50, 51]"
75,"[1801, 1802, 48, 49, 80, 379, 380]"
76,"[385, 386, 387, 1803, 76, 1421, 78, 1804, 1424, 114, 51, 52, 53, 1586, 1722]"
77,"[995, 996, 69, 71, 1771, 1355, 1774, 1234, 1621, 475, 1624, 57, 58, 1627, 1630]"
78,"[1633, 1634, 471, 1347, 1636, 1350, 71, 74, 1771, 1774, 1521, 1523, 1524, 55, 56, 57, 474, 1631]"
79,"[1633, 1730, 1634, 1635, 73, 75, 1631, 271, 1727, 1521, 467, 1524, 54, 55, 470, 990, 255]"
80,"[1632, 995, 1349, 70, 72, 1769, 1771, 473, 1773, 1772, 1776, 1523, 1622, 56, 57, 58, 476, 1629]"
81,"[1184, 65, 1186, 100, 1195, 300, 1198, 284, 59, 60, 1183]"
82,"[1184, 1187, 611, 1189, 1190, 615, 614, 619, 1196, 622, 60, 61, 63]"
83,"[321, 613, 615, 616, 1386, 338, 62, 63]"
84,"[64, 1184, 1187, 611, 1190, 615, 614, 619, 1196, 621, 622, 60, 63]"
85,"[992, 1349, 72, 73, 1523, 469, 472, 56, 989, 990]"
86,"[67, 68, 999, 1001, 1002, 1358, 1235, 1238]"
87,"[65, 66, 100, 300, 1648, 1239, 1241, 1242, 59, 284]"
88,"[1633, 1634, 471, 1347, 1349, 1350, 1636, 72, 71, 74, 1771, 1774, 1521, 1524, 55, 57, 474, 1631]"
89,"[68, 69, 1001, 1353, 1355, 1356, 1233, 1236]"
90,"[66, 67, 1357, 1358, 1360, 1237, 1240, 1241]"
91,"[996, 69, 70, 71, 1771, 1355, 1774, 1234, 1621, 1622, 475, 1624, 57, 1627, 1630]"
92,"[1730, 1634, 1636, 1635, 73, 74, 75, 1631, 271, 1727, 1521, 467, 1524, 54, 470, 990, 255]"
93,"[1632, 995, 1349, 70, 71, 72, 1769, 1772, 1773, 1774, 1776, 1523, 1622, 56, 473, 58, 476, 1629]"
94,"[385, 386, 387, 76, 77, 78, 1422, 1421, 1424, 114, 51, 1586, 53, 1804, 1722]"
95,"[385, 1477, 1480, 1801, 78, 79, 49, 51]"
96,"[386, 387, 1478, 1803, 1804, 77, 78, 1422, 79, 50, 1586, 52, 1722]"
97,"[800, 487, 1703, 488, 797, 811, 46, 783, 81, 82, 1143, 825, 829]"
98,"[1701, 1703, 1704, 48, 81, 80, 1148, 1145, 380]"
99,"[487, 47, 798, 82, 83, 1715, 1716, 827, 830]"
100,"[227, 231, 41, 45, 207, 84, 85, 86, 247]"
101,"[705, 227, 745, 41, 746, 749, 207, 86, 87]"
102,"[1637, 1639, 1640, 40, 1643, 1646, 88, 89]"
103,"[39, 745, 1642, 87, 88]"
104,"[384, 76, 112, 272, 114, 1427, 53, 1430, 91, 92, 381, 254]"
105,"[450, 419, 421, 422, 447, 1043, 94, 95]"
106,"[96, 449, 450, 419, 421, 422, 447, 95]"
107,"[1793, 98, 65, 1796, 100, 97, 104, 59, 300, 465, 466, 532, 1402, 891, 284, 572]"
108,"[1731, 581, 583, 584, 112, 272, 1398, 92, 93, 254]"
109,"[583, 1041, 1043, 1044, 1397, 1400, 93, 94]"
110,"[96, 97, 449, 103, 531, 915, 534, 918, 1401, 1402, 443, 446, 895]"
111,"[98, 99, 1794, 101, 1647, 1648, 465, 1239, 1242]"
112,"[1254, 395, 108, 109, 397, 398, 401, 404]"
113,"[110, 399, 400, 1425, 111, 405, 408, 1689]"
114,"[417, 418, 424, 105, 106, 920]"
115,"[418, 458, 106, 107, 459, 460]"
116,"[96, 449, 103, 104, 531, 532, 915, 534, 918, 1401, 443, 446, 895]"
117,"[896, 898, 102, 103, 895]"
118,"[897, 898, 1794, 900, 101, 102, 903, 98, 465]"
119,"[97, 104, 105, 914, 532, 919, 920, 1402]"
120,"[1253, 1254, 1256, 107, 108, 459, 402]"
121,"[109, 110, 397, 1425, 1426, 403, 406]"
122,"[1793, 1794, 65, 1796, 101, 100, 97, 104, 59, 300, 466, 532, 1402, 891, 284, 572]"
123,"[384, 76, 112, 113, 114, 272, 1427, 53, 1430, 254, 92, 381, 382]"
124,"[195, 200, 1289, 1290, 115, 154]"
125,"[1664, 223, 116, 117, 214, 153, 1307, 1310, 1663]"
126,"[1312, 1321, 1739, 1741, 1742, 1743, 1746, 117, 118, 151, 1308, 1663]"
127,"[1120, 235, 241, 149, 1109, 119, 120, 1119]"
128,"[1050, 1059, 1062, 1083, 1454, 145, 1331, 147, 1334, 375, 121, 122, 123, 1052, 1049]"
129,"[1050, 1083, 1097, 123, 1100, 1453, 1167, 1456, 144, 146, 1333, 1081, 122, 1051, 1084, 1054]"
130,"[1482, 1263, 143, 1365, 1372, 1367, 1368, 1369, 124, 125]"
131,"[1481, 1482, 123, 1484, 1166, 1454, 1264, 1488, 145, 142, 1813, 1370, 1083, 124]"
132,"[128, 129, 138, 140, 462, 1262, 1520, 1017, 1019, 1020]"
133,"[129, 130, 1019, 139, 1261, 495, 1650, 1243, 1244]"
134,"[260, 1258, 141, 269, 1245, 1246, 126, 127]"
135,"[128, 129, 139, 1519, 1617, 1522, 1620, 1019, 1246, 127]"
136,"[1760, 1761, 1762, 131, 132, 324, 134, 1251, 1160, 137, 298, 336, 1757, 287]"
137,"[1761, 1249, 132, 133, 1252, 1767, 1765, 1768, 135, 1758]"
138,"[1761, 132, 1159, 136, 135, 1162, 1163, 1164, 1758]"
139,"[1760, 1762, 131, 324, 1251, 134, 135, 1160, 137, 298, 336, 1757, 1758, 287]"
140,"[131, 137, 138, 298, 461, 462, 464, 988, 287]"
141,"[129, 139, 140, 1519, 1520, 1617, 1522, 1620, 1019, 1246, 127]"
142,"[128, 138, 139, 140, 462, 1262, 1520, 1017, 1020]"
143,"[1056, 1482, 1165, 143, 144, 1263, 1167, 1168, 124, 1053]"
144,"[1481, 123, 1484, 1166, 143, 1263, 1264, 1488, 1454, 145, 142, 1813, 1370, 1083]"
145,"[1059, 1062, 1083, 1454, 145, 146, 1331, 147, 1333, 1334, 375, 121, 123, 1052, 1049]"
146,"[1050, 1097, 1100, 1453, 1454, 1167, 1456, 145, 144, 146, 1333, 1081, 122, 1051, 1084, 1054]"
147,"[260, 141, 142, 269, 1679, 1490, 1813, 1814, 126]"
148,"[1344, 147, 148, 375, 121, 1338, 1341, 1335, 1342]"
149,"[1313, 1316, 1317, 1319, 1320, 235, 241, 149, 150, 119]"
150,"[1314, 1319, 1321, 1322, 150, 151, 1311]"
151,"[1312, 1321, 1739, 1742, 1743, 1744, 1746, 117, 151, 152, 1308, 1663]"
152,"[197, 218, 155, 156, 189, 191]"
153,"[1734, 1798, 186, 218, 1292, 189, 1271, 1274, 156, 157]"
154,"[160, 1102, 238, 1072, 182, 185, 954, 158, 1022, 159]"
155,"[160, 159, 1090, 161, 1071, 1074, 181, 183, 953, 1087, 959]"
156,"[160, 161, 162, 960, 1092, 1072, 180, 1077, 182, 957]"
157,"[1696, 161, 162, 1091, 163, 1541, 1094, 179, 181, 1693, 959]"
158,"[162, 163, 164, 1092, 1542, 263, 1675, 178, 180]"
159,"[1217, 451, 1220, 165, 454, 1219, 164, 263, 176, 178]"
160,"[1440, 1443, 452, 165, 166, 167, 292, 174, 177, 1437]"
161,"[168, 169, 969, 171, 972, 173, 1301, 311, 1304]"
162,"[168, 969, 971, 172, 173, 972, 171, 1301, 311, 1304]"
163,"[170, 171, 332, 1299, 1301, 1302, 1303]"
164,"[1217, 451, 452, 1220, 454, 1219, 164, 263, 176, 177, 178]"
165,"[1217, 1219, 451, 1220, 454, 166, 175, 176, 1438]"
166,"[1440, 1443, 452, 165, 292, 167, 174, 175, 177, 1437, 1438]"
167,"[160, 185, 1102, 238, 1072, 182, 183, 953, 954, 158, 1022]"
168,"[160, 960, 162, 1092, 1072, 180, 181, 182, 1077, 957, 959]"
169,"[159, 161, 1090, 1071, 1072, 1074, 181, 182, 183, 953, 1087, 959]"
170,"[1696, 161, 1091, 1092, 1541, 1094, 163, 179, 180, 181, 1693, 959]"
171,"[1345, 1346, 239, 183, 184, 953, 159]"
172,"[162, 1092, 1541, 164, 263, 1542, 1675, 178, 179, 180]"
173,"[1734, 1798, 186, 218, 1291, 1292, 1271, 1274, 187, 156, 189]"
174,"[1667, 1669, 1670, 1291, 1276, 1273, 187, 188, 157]"
175,"[1123, 1797, 1798, 238, 185, 186, 158]"
176,"[197, 218, 156, 189, 190, 191]"
177,"[192, 193, 1637, 38, 1640, 202, 1643, 205, 1646, 90]"
178,"[1280, 195, 196, 1285, 198, 200, 1673, 154, 1277]"
179,"[1280, 195, 1285, 198, 199, 200, 1673, 154, 1277, 1279]"
180,"[1284, 197, 198, 1671, 1673, 1674, 191]"
181,"[192, 203, 1644, 204, 748, 747, 750, 752]"
182,"[193, 1637, 38, 1640, 202, 203, 1644, 205, 1643, 1646, 90]"
183,"[2, 739, 36, 229, 706, 740, 741, 744, 41, 227, 206, 207, 86, 766, 703]"
184,"[227, 41, 1709, 1710, 207, 208, 86]"
185,"[226, 485, 1711, 1712, 209, 210]"
186,"[225, 483, 486, 1133, 1710, 208, 209, 1136, 1137]"
187,"[1705, 1706, 1708, 212, 213]"
188,"[224, 356, 1707, 1708, 369, 211, 212]"
189,"[1666, 1287, 1544, 1543, 1546, 215, 216, 221]"
190,"[1024, 1665, 1737, 1740, 116, 214, 215, 153, 220, 223]"
191,"[1667, 1273, 1670, 1544, 156, 216, 217, 218, 1276, 189]"
192,"[1024, 1026, 1735, 1738, 219, 217, 1275, 220, 1023]"
193,"[1667, 1670, 1544, 219, 156, 216, 1273, 218, 1275, 1276, 189]"
194,"[1664, 1666, 215, 1309, 1307, 221, 222, 1310]"
195,"[1024, 1665, 1666, 1737, 1740, 116, 214, 153, 220, 221, 223]"
196,"[225, 226, 483, 485, 486, 1133, 1710, 208, 1136, 1137]"
197,"[224, 225, 356, 1131, 1134, 1137, 369, 211, 1138]"
198,"[2, 706, 228, 229, 742, 36, 740, 741, 744, 41, 227, 207, 86, 766, 703]"
199,"[34, 741, 230, 7, 743, 744, 231, 45, 766, 1716, 84, 247, 249, 827, 830]"
200,"[480, 1570, 482, 771, 774, 1575, 232, 233, 1578, 815, 244, 793, 479]"
201,"[231, 232, 45, 813, 815, 816, 818, 84, 247]"
202,"[1025, 1281, 1027, 1028, 235, 236, 241, 149, 119]"
203,"[1121, 1346, 1027, 1124, 236, 237, 1102, 239, 1269, 1270, 1272, 954, 1022]"
204,"[1121, 1346, 1027, 1124, 236, 1102, 239, 240, 1269, 1272, 954, 1021, 1022]"
205,"[1345, 1346, 238, 239, 184, 185, 158]"
206,"[1344, 235, 241, 242, 149, 119, 1336, 1338, 1341, 1335]"
207,"[480, 773, 776, 1577, 233, 245, 246, 795, 796]"
208,"[769, 1570, 1569, 772, 1572, 359, 234, 366, 243, 244]"
209,"[1570, 482, 771, 774, 1575, 232, 1577, 1578, 815, 244, 245, 793, 479]"
210,"[34, 741, 7, 744, 231, 45, 766, 1716, 84, 247, 248, 249, 827, 828, 830]"
211,"[1152, 1410, 1405, 250, 251, 1149, 1150, 1407]"
212,"[1408, 16, 1405, 279, 250, 1403, 29, 1406]"
213,"[384, 274, 1427, 1429, 1430, 1751, 253, 1754, 252, 381]"
214,"[407, 1409, 1756, 273, 1749, 1690, 1752, 1753, 1754, 251, 252, 1150]"
215,"[256, 1730, 75, 975, 271, 1727, 976, 979, 54, 982, 255]"
216,"[256, 257, 260, 1465, 141, 269, 1519, 975, 1617, 1522, 1620, 985, 986, 1468, 126]"
217,"[258, 259, 1677, 1678, 1680, 1497, 1498, 1500]"
218,"[257, 258, 1677, 1678, 270, 1680, 1618, 1497, 986, 1500]"
219,"[260, 261, 267, 141, 269, 947, 949, 1046, 951, 952, 126]"
220,"[164, 263, 264, 1713, 178, 1714, 340]"
221,"[929, 354, 931, 932, 262, 265, 266, 1651, 1717]"
222,"[931, 266, 267, 1652, 1045, 1046, 1048]"
223,"[260, 267, 268, 269, 141, 947, 949, 1046, 952, 126]"
224,"[256, 260, 1465, 141, 270, 269, 1519, 1617, 1618, 1522, 1620, 975, 985, 1468, 126]"
225,"[399, 112, 273, 272, 405, 407, 408, 1689, 92, 254]"
226,"[867, 685, 686, 688, 275, 276, 856]"
227,"[715, 717, 718, 277, 726, 278, 857, 860]"
228,"[686, 855, 276, 725, 277, 726, 728, 858]"
229,"[867, 868, 1681, 274, 275, 1684, 1751, 1754, 252]"
230,"[407, 1409, 273, 274, 1749, 1751, 1752, 1753, 1690, 251, 1756, 1150]"
231,"[642, 1795, 901, 902, 281, 904, 906, 651, 654, 303, 305, 1685, 1688, 889, 282, 283, 892]"
232,"[905, 906, 908, 304, 1784, 307, 1781, 1687, 280, 281, 890]"
233,"[608, 26, 624, 593, 306, 339, 1781, 1782, 1783, 280, 309, 1786]"
234,"[1793, 641, 891, 1795, 1796, 644, 902, 635, 302, 304, 1362, 1687, 282, 283, 638]"
235,"[996, 1221, 1630, 299, 1627, 1628, 285, 286]"
236,"[65, 131, 100, 1222, 1161, 137, 298, 300, 59, 284, 285, 287]"
237,"[736, 289, 290, 1250, 933, 934, 295, 936, 297, 1192, 1200, 1206, 733, 1247]"
238,"[1248, 289, 290, 288, 934, 1766, 296, 493, 496, 1649, 735, 1205, 1247]"
239,"[288, 131, 137, 298, 1261, 495, 1649, 1650, 1244, 287]"
240,"[736, 289, 1250, 933, 295, 296, 297, 936, 1192, 1200, 735, 1206, 733, 1247]"
241,"[291, 293, 294, 1003, 1006, 1011, 1012, 312, 345, 349]"
242,"[294, 327, 295, 1199, 1200, 1011]"
243,"[1248, 288, 290, 934, 1766, 296, 297, 493, 496, 1649, 1205, 1206, 735]"
244,"[65, 131, 100, 1221, 1222, 1161, 137, 299, 300, 298, 59, 284, 287]"
245,"[65, 100, 585, 586, 300, 301, 588, 1363, 634, 59, 284]"
246,"[280, 610, 1784, 307, 308, 1781, 599, 600, 602, 607]"
247,"[906, 623, 624, 305, 306, 626, 659, 662, 281]"
248,"[1793, 642, 641, 1796, 644, 902, 635, 302, 303, 1362, 282, 891, 638]"
249,"[586, 301, 302, 1361, 1362, 633, 636]"
250,"[642, 1795, 901, 281, 904, 906, 651, 654, 303, 304, 1685, 1687, 1688, 889, 283, 892]"
251,"[608, 26, 624, 593, 306, 307, 339, 309, 1782, 1783, 1784, 1786]"
252,"[902, 905, 282, 908, 304, 305, 1781, 1687, 280, 890]"
253,"[312, 291, 293, 310, 1719, 1720, 345, 349]"
254,"[315, 666, 314, 603, 1691, 605, 606]"
255,"[609, 610, 339, 309, 602, 599, 313, 26, 607]"
256,"[650, 655, 657, 658, 316, 317, 1791]"
257,"[1383, 1182, 657, 1181, 1179, 317, 318]"
258,"[1377, 1378, 319, 1391, 1394, 1181, 318, 1375]"
259,"[320, 1377, 1387, 1389, 1390, 1395, 319]"
260,"[609, 1692, 313, 601, 314, 1691, 604]"
261,"[1792, 1380, 1789, 315, 316, 605, 1791]"
262,"[1697, 322, 323, 1700, 337, 1211, 1212, 1214]"
263,"[321, 322, 324, 134, 336, 338, 62]"
264,"[736, 1250, 324, 325, 134, 336, 733, 734]"
265,"[327, 328, 1003, 1004, 1006, 1199, 1012]"
266,"[326, 295, 327, 1199, 1200, 335]"
267,"[325, 326, 329, 334, 347, 734]"
268,"[329, 330, 1293, 334, 1295, 1296, 1298, 347]"
269,"[170, 331, 332, 330, 1295, 1297, 1300, 1305, 1306]"
270,"[170, 330, 332, 333, 1295, 1297, 1300, 1306]"
271,"[325, 329, 334, 335, 347, 734]"
272,"[321, 324, 134, 336, 337, 338, 62]"
273,"[1218, 291, 293, 453, 455, 456, 1432, 489, 492, 946, 342, 343, 312, 345, 349, 351]"
274,"[352, 1217, 1218, 451, 1220, 454, 490, 942, 1008, 945, 341, 342, 350]"
275,"[1441, 1442, 350, 455, 490, 1431, 344, 1434, 343, 1439]"
276,"[354, 262, 264, 265, 1713, 1714, 340, 1717]"
277,"[928, 1007, 1713, 946, 1010, 340, 341, 351]"
278,"[291, 293, 967, 968, 329, 970, 1003, 1006, 1294, 334, 1012, 312, 345, 346, 347, 349]"
279,"[291, 293, 967, 329, 970, 1003, 1005, 1006, 1294, 334, 1012, 312, 345, 347, 348, 349]"
280,"[1218, 291, 293, 453, 1432, 456, 489, 490, 492, 342, 312, 345, 349, 350]"
281,"[1217, 451, 1220, 454, 455, 490, 942, 945, 946, 341, 343, 350, 351]"
282,"[352, 353, 930, 973, 974, 1008, 341, 927]"
283,"[352, 928, 1218, 1007, 1008, 1713, 946, 1010, 340, 342, 351]"
284,"[224, 194, 355, 356, 201, 369, 371, 211]"
285,"[1313, 482, 1316, 1317, 358, 1318, 1320, 357, 234, 359, 1132, 366, 368, 1745, 243, 793, 479]"
286,"[1312, 224, 356, 357, 1131, 1134, 1743, 367, 1745, 1746, 1138, 211, 369, 794]"
287,"[1344, 359, 360, 234, 366, 243, 1335, 1338, 1341, 1343]"
288,"[1337, 360, 361, 362, 1777, 1778, 1780, 373, 377, 1340, 1343]"
289,"[769, 770, 1569, 772, 1572, 364, 365, 1567]"
290,"[1568, 1571, 361, 363, 364, 1778, 1779, 1565, 1567]"
291,"[1337, 360, 362, 363, 1777, 1779, 1780, 373, 377, 1340, 1343]"
292,"[1313, 482, 1316, 1317, 357, 359, 1320, 234, 366, 367, 1745, 243, 793, 794, 479]"
293,"[1312, 224, 356, 1318, 358, 1131, 1132, 1134, 1743, 368, 367, 1746, 1138, 211, 369, 794]"
294,"[224, 194, 356, 201, 369, 370, 371, 211]"
295,"[801, 1473, 803, 804, 805, 1476, 1601, 362, 48, 80, 372, 373, 377, 380]"
296,"[1337, 362, 1777, 373, 374, 377, 1339, 1340]"
297,"[1323, 1326, 785, 786, 147, 788, 375, 376, 121]"
298,"[801, 1474, 1473, 804, 805, 1476, 1601, 362, 48, 80, 373, 377, 378, 380]"
299,"[1474, 803, 1801, 1802, 49, 372, 378, 379]"
300,"[384, 1409, 1756, 1423, 432, 1427, 1753, 1430, 409, 410, 1755, 412, 381, 383]"
301,"[384, 91, 113, 1427, 1428, 1429, 1430, 253, 410, 1755, 381, 382, 383]"
302,"[385, 386, 387, 388, 1803, 1804, 1422, 1585, 1586, 51, 1588, 52, 1721, 1722, 1724, 1604, 1479, 1609, 1612, 77, 78]"
303,"[386, 387, 388, 1477, 1479, 1480, 1804, 1586, 1722]"
304,"[1472, 1508, 389, 390, 392, 1614, 1457, 1459, 1460, 1461, 1462, 1495, 1464]"
305,"[1606, 391, 1510, 393, 394, 1587, 1589, 1590, 1591, 1592, 1594, 1471]"
306,"[389, 1606, 391, 392, 393, 394, 1509, 1512, 1605, 1614, 1608, 1589, 1592]"
307,"[389, 390, 391, 392, 1606, 394, 1511, 1514, 1613, 1614, 1616, 1459, 1462]"
308,"[673, 1253, 1256, 395, 396, 109, 398, 1806, 397, 401, 402, 1747, 404, 403, 1750, 406, 1426]"
309,"[395, 396, 1805, 1806, 398, 1808, 401, 404, 1690, 671, 673, 674, 695, 707, 708, 709, 710, 1747, 1748, 1749, 1750, 1752, 1255]"
310,"[1752, 111, 399, 400, 1426, 403, 273, 405, 406, 407, 408, 1689, 1690, 1749]"
311,"[1253, 1254, 709, 1256, 1255, 395, 108, 398, 401, 402, 404, 1748, 695]"
312,"[395, 398, 399, 110, 401, 1426, 403, 404, 405, 406, 1425, 408, 1689]"
313,"[416, 1153, 1155, 1156, 1416, 843, 845, 1423, 432, 848, 849, 852, 409, 411, 412, 413, 414, 415]"
314,"[1154, 1155, 415, 1421, 1423, 432, 431, 434, 1424, 411, 409, 410, 1755, 412, 1151, 414, 383]"
315,"[1155, 1158, 845, 846, 847, 848, 1266, 819, 850, 411, 413, 414, 415]"
316,"[416, 1155, 1158, 1417, 843, 844, 13, 1420, 847, 849, 850, 851, 852, 854, 411, 31, 414, 415]"
317,"[417, 418, 423, 424, 106, 426, 1657, 1660]"
318,"[448, 96, 450, 419, 420, 421, 422, 449, 1399, 445, 95, 447]"
319,"[450, 419, 420, 422, 447]"
320,"[520, 425, 554, 427, 428, 429, 558, 430, 526, 913, 560, 523, 557, 567, 537, 477, 478]"
321,"[521, 524, 525, 526, 528, 535, 538, 427, 429, 430, 558, 560, 559, 562, 565, 567, 568, 478, 499]"
322,"[423, 425, 426, 427, 428, 430, 558, 913, 914, 919, 1657, 1660, 478]"
323,"[417, 423, 424, 425, 426, 519, 428, 913, 1657, 1658, 1659, 1660]"
324,"[439, 1417, 1420, 15, 435, 851, 853, 437, 438, 440, 854, 1404]"
325,"[1152, 1153, 1154, 1410, 1156, 1407, 1416, 431, 432, 1423, 434, 433, 436, 1171, 409, 412, 1149, 1151]"
326,"[1154, 1413, 431, 433, 434, 1171, 436, 435, 438, 1169, 1172, 1404, 1151]"
327,"[1408, 433, 435, 436, 1171, 438, 437, 440, 853, 1403, 1404, 1406]"
328,"[1139, 549, 552, 555, 893, 926, 1140, 885, 886, 533, 24, 441, 442, 596, 25, 925, 894]"
329,"[576, 577, 578, 580, 1352, 1401, 1775, 1039, 1623, 1625, 1626, 443, 444, 573, 446, 575]"
330,"[448, 450, 419, 422, 1041, 1044, 1397, 1399, 1400, 1401, 443, 445, 446, 447]"
331,"[448, 97, 578, 104, 1625, 532, 1399, 1401, 1402, 443, 444, 445, 446, 575]"
332,"[1217, 1218, 451, 452, 1220, 454, 453, 456, 1219, 165, 176, 177, 946, 342, 1432, 351]"
333,"[1431, 1217, 1442, 451, 1220, 453, 454, 455, 456, 490, 343, 1432, 1434, 350, 1439]"
334,"[457, 458, 107, 460, 459, 498, 1811, 502]"
335,"[517, 457, 458, 522, 460, 875, 497, 498, 1811, 500, 501, 502, 883, 504, 1809, 1812]"
336,"[138, 1770, 461, 462, 463, 464, 1619, 987, 988]"
337,"[461, 463, 464, 1519, 1522, 1619, 1617, 1620, 988]"
338,"[98, 1794, 101, 998, 465, 466, 571, 572, 574]"
339,"[992, 994, 1635, 1347, 1350, 1031, 73, 467, 469, 470, 471, 472, 474, 989, 990, 991]"
340,"[1039, 58, 70, 1353, 1356, 1233, 1234, 1236, 1621, 1622, 1623, 1624, 473, 1626, 475, 476, 995, 1773, 1776]"
341,"[1042, 56, 1347, 579, 1348, 1350, 582, 1349, 72, 469, 471, 472, 473, 474, 476, 989, 992, 1773, 1776, 1523]"
342,"[992, 1633, 1635, 1636, 74, 467, 468, 469, 470, 55, 472, 989]"
343,"[57, 577, 1347, 580, 1350, 71, 1234, 1621, 471, 1624, 473, 474, 475, 476, 1771, 1773, 1774, 1775, 1776]"
344,"[1635, 467, 468, 470]"
345,"[551, 553, 554, 427, 556, 430, 558, 559, 562, 535, 537, 538, 477, 478]"
346,"[480, 481, 482, 484, 1318, 358, 233, 1577, 814, 367, 245, 793, 794, 479]"
347,"[481, 482, 483, 484, 486, 1133, 814, 813, 1136, 816, 818, 793, 479]"
348,"[481, 226, 483, 484, 485, 486, 1131, 43, 1133, 814, 1134, 1136, 1135, 1138, 209]"
349,"[827, 834, 487, 488, 840, 823, 47, 798, 82, 1716, 1141, 1143, 1144, 825, 826, 1147, 829, 830]"
350,"[935, 455, 489, 490, 491, 492, 938, 494, 343, 350]"
351,"[1248, 933, 935, 936, 489, 938, 491, 492, 493, 494, 1192, 496, 937, 940, 941, 944]"
352,"[1248, 288, 130, 1020, 493, 1261, 495, 496, 1262, 1650, 1649, 1017, 1243, 1244]"
353,"[1248, 289, 935, 297, 938, 491, 493, 494, 495, 496, 1261, 1650, 1206, 1244, 1247]"
354,"[515, 517, 518, 457, 522, 521, 524, 525, 528, 497, 498, 1811, 500, 499, 502, 565, 568, 540]"
355,"[517, 522, 525, 429, 526, 528, 497, 560, 499, 500, 527, 530, 567, 539, 542]"
356,"[512, 514, 875, 20, 501, 503, 504, 505, 506, 28, 509, 510, 511]"
357,"[512, 457, 873, 875, 876, 498, 1811, 723, 501, 502, 503, 504, 506, 509]"
358,"[513, 514, 515, 516, 518, 529, 922, 507, 508, 540, 510]"
359,"[513, 516, 924, 527, 529, 530, 570, 539, 921, 922, 507, 508, 542]"
360,"[512, 513, 514, 516, 503, 506, 507, 509, 510]"
361,"[512, 503, 506, 509, 511]"
362,"[513, 515, 516, 517, 518, 522, 527, 497, 530, 500, 539, 507, 540, 542]"
363,"[519, 520, 521, 523, 524, 557, 427, 430, 558, 565, 568, 1658, 478]"
364,"[519, 520, 423, 426, 523, 557, 1657, 1658, 1660]"
365,"[517, 520, 521, 522, 523, 524, 557, 429, 526, 560, 497, 500, 565, 566, 567, 568]"
366,"[544, 541, 515, 518, 525, 527, 528, 529, 530, 499, 536, 922, 539, 508, 540, 542]"
367,"[909, 912, 531, 915, 533, 534, 918, 925, 926, 551, 553, 555, 556, 441, 595, 596, 598, 1140, 885, 894]"
368,"[97, 104, 555, 907, 910, 1402, 531, 915, 532, 918, 534, 533, 596, 916, 917, 926]"
369,"[544, 546, 559, 527, 562, 530, 535, 536, 569, 538, 539, 541, 542, 543]"
370,"[544, 477, 547, 567, 550, 554, 429, 526, 559, 560, 561, 562, 564, 535, 536, 537, 538, 541]"
371,"[545, 547, 548, 549, 550, 552, 559, 561, 562, 563, 564, 23, 886, 535, 888, 538]"
372,"[544, 545, 546, 921, 548, 888, 536, 569, 570, 924, 541, 543]"
373,"[545, 546, 547, 548, 550, 561, 564, 22, 887, 888, 569, 27, 543]"
374,"[549, 551, 552, 553, 554, 555, 556, 596, 533, 886, 537, 477, 926]"
375,"[547, 549, 550, 551, 552, 553, 556, 561, 564, 885, 886, 1140, 441, 925, 894]"
376,"[521, 524, 565, 566, 568]"
377,"[546, 508, 922, 569, 529, 21, 921, 570, 923, 924, 543]"
378,"[576, 997, 998, 1352, 1000, 1035, 1038, 466, 571, 572, 573, 574]"
379,"[1041, 1042, 1044, 577, 579, 1348, 580, 582, 581, 584, 1731, 1347, 1350, 471, 474, 1775, 1397, 1398, 1400]"
380,"[576, 578, 998, 1351, 1352, 1354, 1037, 1040, 1625, 571, 444, 573, 574, 575]"
381,"[1729, 579, 1731, 581, 582, 1348, 584, 583, 1029, 1032, 1732, 1041, 1042, 1044, 1397, 1398, 1400, 93]"
382,"[577, 578, 579, 580, 1348, 582, 473, 1773, 1775, 1776, 1042, 1625, 476, 444, 575]"
383,"[611, 612, 645, 614, 648, 585, 587, 588, 589, 619, 591, 592, 622, 1363, 634]"
384,"[612, 585, 586, 587, 588, 301, 591, 1361, 1363, 1364, 633, 634, 636]"
385,"[612, 645, 646, 647, 648, 587, 589, 590, 591, 592, 661, 1174, 664, 639]"
386,"[645, 648, 589, 590, 623, 592, 626, 659, 661, 662, 663, 664]"
387,"[909, 912, 593, 594, 595, 597, 1782, 598]"
388,"[1784, 593, 594, 307, 597, 1782, 1781, 280]"
389,"[555, 907, 909, 910, 911, 912, 594, 595, 596, 533, 598, 597, 917, 926]"
390,"[608, 1692, 610, 609, 1786, 313, 1783, 308, 599, 600, 601, 602, 604, 607]"
391,"[1692, 668, 1799, 1790, 315, 665, 601, 666, 603, 604, 605, 606, 1787]"
392,"[1692, 610, 314, 1691, 666, 599, 601, 602, 603, 604, 606, 607]"
393,"[608, 280, 610, 1783, 307, 660, 602, 1781, 599, 1784, 1785, 1786, 1788, 607]"
394,"[64, 611, 612, 613, 614, 1189, 616, 617, 1386, 619, 587, 620, 622, 591, 621, 1173, 1176, 61]"
395,"[611, 613, 614, 615, 616, 1385, 1386, 619, 1388, 1229, 622, 1232, 63]"
396,"[1799, 1800, 1173, 1175, 1176, 665, 1178, 667, 668, 1223, 1224, 1226, 617, 618, 620, 625, 627, 628, 1787, 1790]"
397,"[611, 614, 647, 1224, 617, 618, 1800, 620, 619, 622, 1223, 1226, 627, 1173, 1174, 1175, 1176, 1178]"
398,"[664, 590, 623, 624, 625, 626, 659, 306, 628, 662, 660, 661, 1785, 667, 1788]"
399,"[1799, 1224, 1800, 618, 623, 625, 626, 659, 628, 627, 662, 665, 667, 668, 1790, 1787]"
400,"[629, 630, 631, 632, 1686, 637]"
401,"[641, 644, 629, 630, 632, 635, 637, 638]"
402,"[651, 1688, 654, 629, 1686, 631, 632, 1685]"
403,"[640, 641, 642, 643, 644, 1795, 303, 283, 1361, 630, 633, 635, 636, 637, 638]"
404,"[641, 644, 585, 588, 302, 1361, 1362, 1363, 633, 634, 635, 636, 638]"
405,"[640, 641, 643, 644, 646, 635, 638, 639]"
406,"[640, 643, 645, 646, 648, 589, 592, 639]"
407,"[645, 647, 648, 617, 620, 589, 592, 1173, 1174, 1176]"
408,"[1379, 1381, 1382, 1384, 649, 650, 655, 656, 657, 658, 317]"
409,"[1792, 1379, 1380, 1381, 1382, 1384, 649, 650, 655, 656, 658, 1789]"
410,"[902, 1687, 651, 652, 653, 654, 304, 1685, 1686, 631, 1688, 282]"
411,"[651, 652, 654, 1685, 1688]"
412,"[651, 653, 654, 1685, 1688]"
413,"[1379, 1381, 1382, 1383, 1384, 649, 650, 655, 656, 658, 1179, 1182]"
414,"[608, 668, 1799, 623, 626, 659, 660, 665, 662, 1783, 1785, 1786, 1787, 1788, 1790]"
415,"[664, 661, 590, 663]"
416,"[1792, 1799, 1800, 660, 665, 666, 667, 668, 1224, 603, 606, 1380, 618, 625, 627, 628, 1785, 1787, 1788, 1789, 1790]"
417,"[672, 673, 674, 707, 708, 710, 396, 1805, 1806, 1808, 1683, 1747, 1750, 669, 671]"
418,"[672, 674, 708, 868, 1681, 1683, 1684, 669, 670, 671]"
419,"[672, 1683, 669, 670]"
420,"[675, 676, 678, 870, 713, 683, 716, 684, 18, 697, 698, 700]"
421,"[866, 679, 681, 682, 685, 687, 688, 689, 690, 692, 856, 862, 863]"
422,"[675, 676, 677, 678, 680, 683, 698, 711, 713, 714, 715, 716, 718, 727, 729, 857, 730, 860, 732]"
423,"[675, 677, 678, 679, 680, 682, 711, 713, 714, 716, 725, 855, 727, 728, 729, 730, 732, 858, 862]"
424,"[864, 677, 679, 680, 681, 682, 712, 687, 690, 727, 730, 861, 862]"
425,"[396, 1805, 1806, 1807, 1808, 1810, 402, 673, 693, 695, 696, 707, 709, 710, 1747, 1748, 1750, 1253, 1255, 1256]"
426,"[866, 879, 719, 1807, 689, 722, 691, 692, 693, 694, 1810, 696, 720, 721, 724, 884, 731, 863]"
427,"[681, 685, 686, 687, 688, 728, 690, 276, 725, 855, 856, 858]"
428,"[864, 865, 866, 712, 681, 687, 719, 689, 690, 691, 692, 722, 694, 861, 863]"
429,"[1805, 1807, 1808, 1809, 1810, 1812, 691, 693, 694, 695, 696, 707, 709, 710, 719, 722, 1748, 1255, 883]"
430,"[869, 871, 872, 873, 874, 876, 877, 880, 882, 723, 699, 701, 702]"
431,"[676, 869, 870, 872, 683, 877, 880, 882, 697, 698, 699, 700, 702]"
432,"[870, 871, 874, 877, 878, 879, 880, 721, 724, 884, 731, 697, 699, 700, 701, 702]"
433,"[704, 1, 706, 705, 740, 739, 742, 228, 746, 749, 206, 703]"
434,"[705, 706, 740, 745, 746, 747, 749, 750, 752, 87, 703]"
435,"[396, 1805, 1806, 1807, 1808, 1810, 671, 673, 674, 693, 695, 696, 707, 708, 709, 710, 1747, 1748, 1750, 1255]"
436,"[675, 677, 678, 680, 711, 712, 713, 714, 716, 721, 724, 727, 729, 730, 731, 732, 861, 864, 879, 884]"
437,"[675, 678, 713, 715, 716, 717, 718, 17, 725, 278, 855, 728, 857, 858, 859, 860]"
438,"[864, 866, 711, 712, 679, 714, 682, 689, 692, 729, 732, 861, 862, 863]"
439,"[1809, 1812, 691, 694, 699, 702, 711, 714, 719, 721, 722, 723, 724, 729, 731, 732, 873, 876, 877, 879, 880, 883, 884]"
440,"[871, 873, 874, 875, 876, 879, 721, 723, 724, 884, 501, 504, 731, 701]"
441,"[719, 720, 722, 691, 694]"
442,"[677, 680, 727, 715, 685, 718, 688, 856, 857, 277, 725, 855, 728, 726, 858, 860, 730]"
443,"[736, 1249, 1250, 290, 1252, 325, 1765, 934, 296, 1768, 733, 734, 735]"
444,"[737, 738, 3]"
445,"[768, 739, 228, 741, 742, 230, 744, 743, 206, 753, 756, 248, 828, 765, 766]"
446,"[0, 705, 37, 746, 747, 204, 748, 750, 749, 752, 751]"
447,"[768, 753, 755, 756, 757, 758, 759, 760, 761, 764, 765]"
448,"[768, 741, 6, 744, 753, 754, 755, 756, 758, 759, 765, 766, 767]"
449,"[768, 753, 754, 756, 765]"
450,"[755, 757, 758, 759]"
451,"[4, 755, 758, 759, 760, 761, 762, 763, 764]"
452,"[760, 761, 763, 764]"
453,"[771, 773, 774, 1575, 776, 775, 1578, 778, 1552, 246, 795, 796]"
454,"[800, 487, 809, 812, 781, 783, 784, 47, 1583, 82, 1557, 797, 798, 799]"
455,"[800, 807, 809, 810, 779, 812, 781, 782, 783, 784, 46, 811, 1555, 1558, 1560, 797]"
456,"[773, 775, 776, 777, 778, 1579, 780, 1581, 1582, 1551, 1552, 1554, 795]"
457,"[777, 809, 779, 780, 1581, 782, 781, 784, 812, 1553, 1556, 1559, 1560, 1562]"
458,"[1568, 769, 1569, 770, 772, 1572, 771, 774, 1575, 1570, 1578, 1571, 365, 244, 1565]"
459,"[480, 769, 1569, 771, 772, 1572, 774, 1575, 773, 776, 1578, 1573, 1576, 1580, 1577, 233, 245, 795]"
460,"[775, 777, 778, 779, 780, 1581, 782, 1551, 1552, 1579, 1554, 1582, 1560]"
461,"[1602, 1323, 1324, 1325, 1326, 785, 786, 787, 788, 1329, 790, 1332, 376, 1599]"
462,"[785, 787, 788, 789, 790, 792, 1052, 1323, 1326, 1327, 1329, 1330, 1331, 1332, 1334, 1597, 1600, 1515, 1518]"
463,"[1472, 1495, 1449, 1451, 1515, 1452, 1518, 1455, 1453, 1456, 1458, 1457, 1460, 789, 791, 792, 1051, 1054]"
464,"[1515, 1451, 1516, 1518, 1455, 1517, 1329, 1458, 787, 1332, 789, 790, 791, 792, 1595, 1598]"
465,"[800, 807, 810, 1583, 783, 1584, 1555, 1557, 1558, 797, 799]"
466,"[801, 802, 803, 804, 805, 806, 1474, 808, 372, 378, 1563, 1566]"
467,"[1568, 801, 802, 1571, 804, 805, 1574, 1561, 1563, 1564, 1565, 1566]"
468,"[801, 804, 805, 806, 807, 808, 810, 1555, 1558]"
469,"[806, 807, 808, 809, 810, 812, 781, 1583, 784, 1553, 1555, 1556, 1557, 1558, 1559, 1562, 799]"
470,"[481, 484, 232, 44, 813, 814, 815, 816, 817, 818]"
471,"[32, 11, 845, 846, 848, 1265, 1266, 819, 820, 1268, 1146, 413]"
472,"[832, 835, 838, 840, 1267, 821, 822, 823, 824, 826, 1147, 831]"
473,"[1701, 1704, 821, 823, 824, 825, 826, 829, 831, 833, 836, 839, 840, 842, 488, 1143, 1145, 1147, 1148]"
474,"[1265, 1267, 1268, 821, 822, 824, 1146, 831]"
475,"[230, 743, 488, 83, 1716, 1715, 1143, 248, 825, 827, 828, 829, 830]"
476,"[832, 833, 835, 836, 837, 838, 839, 842, 10, 821, 824, 831]"
477,"[832, 833, 834, 835, 836, 33, 838, 839, 840, 9, 842, 841, 1141, 823, 1144, 826, 1147]"
478,"[833, 834, 836, 839, 8, 488, 842, 1141, 1142, 1143, 1144, 825, 829]"
479,"[416, 1157, 1158, 843, 12, 845, 847, 848, 849, 850, 852, 413]"
480,"[416, 1411, 1414, 1415, 1417, 1418, 843, 1420, 1419, 14, 849, 851, 852, 437, 854, 853, 440, 30]"
481,"[865, 866, 689, 692, 863]"
482,"[672, 867, 868, 1681, 1682, 275, 1684, 1683, 669]"
483,"[869, 870, 871, 872, 874, 881, 882, 19, 697, 700, 701]"
484,"[877, 878, 880, 699, 702]"
485,"[1811, 457, 879, 1807, 1809, 721, 883, 724, 1812, 884, 693, 696, 1810, 498, 731, 502]"
486,"[1793, 897, 1796, 901, 902, 900, 904, 905, 903, 282, 908, 304, 1687, 889, 890, 891, 892]"
487,"[901, 281, 904, 905, 906, 907, 908, 910, 305, 917, 889, 890, 892]"
488,"[1793, 1794, 1795, 1796, 901, 101, 98, 904, 642, 303, 283, 465, 889, 891, 892]"
489,"[925, 1140, 885, 441, 893, 894]"
490,"[896, 895, 103]"
491,"[897, 898, 899, 900, 901, 102, 903, 904, 889, 892]"
492,"[897, 899, 900, 903]"
493,"[905, 907, 908, 909, 910, 912, 595, 531, 917, 598, 534, 915, 918, 890]"
494,"[909, 911, 912, 595, 598]"
495,"[425, 105, 428, 913, 914, 919, 920]"
496,"[531, 916, 915, 918, 534]"
497,"[928, 929, 930, 353, 932, 973, 974, 1007, 1010, 1651, 927]"
498,"[928, 352, 930, 974, 1007, 1008, 1009, 1010, 341, 1014, 927]"
499,"[929, 930, 931, 932, 266, 974, 1651, 1652, 1045, 1048, 927]"
500,"[935, 937, 938, 491, 940, 941, 494, 939, 944, 942, 945, 943, 1013, 1047, 1016]"
501,"[937, 939, 940, 941, 1259, 944, 1009, 1015, 1652, 1013, 1014, 1047, 1016, 1045, 1018, 1048]"
502,"[290, 933, 934, 935, 936, 1192, 938, 491, 1191, 296, 494, 735]"
503,"[1218, 937, 940, 941, 942, 944, 945, 946, 342, 351]"
504,"[937, 940, 941, 943, 944]"
505,"[965, 261, 268, 947, 948, 949, 950, 951, 952, 1371]"
506,"[1368, 947, 948, 949, 1365, 952, 1369, 1371, 1372]"
507,"[963, 965, 966, 1093, 1096, 947, 949, 950, 952]"
508,"[1114, 1101, 1102, 237, 240, 1104, 1111, 183, 1270, 953, 954, 1021, 1022, 159]"
509,"[1537, 962, 961, 964, 1485, 955, 956, 958]"
510,"[960, 1537, 1089, 161, 1075, 1077, 181, 1078, 955, 957, 958, 959]"
511,"[960, 1537, 962, 1533, 1538, 1077, 955, 956, 957, 958, 1535]"
512,"[1696, 961, 963, 964, 1093, 966, 965, 1096, 1091, 1094, 1095, 1485, 950, 1693]"
513,"[961, 962, 963, 964, 1093, 966, 1096, 1483, 1485, 1069, 1486, 1366, 956]"
514,"[967, 968, 969, 970, 972, 1293, 1294, 1005, 1296, 1298, 1304, 346, 348]"
515,"[967, 969, 970, 971, 972, 172, 1294, 169, 1299, 1302, 1303, 1304]"
516,"[256, 1728, 975, 976, 979, 980, 981, 982, 984, 1467, 1725, 1470]"
517,"[1728, 1470, 1604, 1725, 977, 978, 980, 1467, 981, 984, 1721, 1723, 1724, 1469, 1726]"
518,"[977, 978, 1723, 1469, 1726]"
519,"[1465, 1726, 976, 977, 979, 980, 1723, 982, 985, 1467, 1468, 1469, 1470]"
520,"[1728, 1730, 255, 75, 271, 976, 977, 1727, 979, 981, 982, 983, 984, 54, 1723, 1725, 1726, 1469]"
521,"[1728, 981, 983, 984, 1725]"
522,"[257, 1513, 1465, 270, 1466, 1618, 980, 1463, 985, 986, 1467, 1468, 1470]"
523,"[1632, 1769, 1770, 1772, 461, 464, 987, 988, 1629]"
524,"[992, 993, 994, 1729, 1732, 1029, 1031, 1032, 469, 472, 989, 991]"
525,"[993, 994, 1031, 991]"
526,"[1632, 995, 996, 70, 1769, 1772, 1622, 58, 1627, 1628, 1629, 1630, 286]"
527,"[997, 998, 999, 1000, 1033, 1002, 1035, 1036, 1037, 1038, 1359, 1040, 1351, 1354, 1235, 1238, 571, 574]"
528,"[68, 997, 999, 1000, 1001, 1002, 1035, 1353, 1356, 1038, 1357, 1360, 1233, 1235, 1236, 1237, 1238, 1240]"
529,"[294, 328, 968, 1003, 1004, 1005, 1006, 1011, 1012, 346, 348]"
530,"[928, 939, 1007, 1009, 1010, 1013, 1014, 1047, 1016]"
531,"[1257, 1259, 939, 1260, 1262, 1047, 1013, 1015, 1016, 1017, 1018, 1020]"
532,"[129, 1259, 139, 1261, 1262, 495, 1650, 1244, 1015, 1017, 1018, 1019, 1020]"
533,"[1025, 1026, 1281, 1028, 1027, 1125, 1735, 1128, 1282, 1738, 236, 1023]"
534,"[1024, 1025, 1026, 1281, 1028, 1733, 1665, 1735, 1127, 1736, 1738, 1130, 1737, 1740, 220, 1023]"
535,"[1729, 994, 255, 1732, 1029, 1030, 1031, 1032, 1730, 581, 75, 584, 1731, 271, 1727, 54, 1398, 991]"
536,"[1729, 1732, 1029, 1030, 1032]"
537,"[576, 997, 1351, 1000, 1352, 1354, 1035, 1353, 1037, 1038, 1039, 1040, 1233, 1356, 1236, 1623, 1626, 573]"
538,"[997, 1000, 1033, 1034, 1035, 1036, 1357, 1038, 1359, 1360, 1237, 1240]"
539,"[578, 1351, 1354, 1037, 1039, 1040, 1234, 1621, 1623, 1624, 1625, 1626, 475, 444, 575]"
540,"[1033, 1034, 1036, 1359]"
541,"[448, 579, 1348, 581, 582, 1731, 584, 1041, 1042, 1043, 1044, 1397, 1398, 1399, 1400, 445, 94]"
542,"[929, 932, 267, 939, 1651, 1652, 1045, 1046, 1013, 1048, 1016, 1047]"
543,"[1057, 1059, 1050, 1060, 1062, 1061, 1064, 146, 1333, 1526, 1049, 122, 1117]"
544,"[1056, 1165, 1453, 1166, 1168, 1456, 1264, 1488, 144, 1167, 1051, 1053, 1054, 1055]"
545,"[1050, 1453, 1456, 1329, 146, 1331, 787, 1332, 1334, 790, 1333, 122, 1051, 1052, 1054]"
546,"[1165, 1168, 145, 791, 1051, 1052, 1053, 1054, 1056, 1451, 1453, 1454, 1455, 1456, 1458, 1331, 1334, 1083, 123]"
547,"[1056, 1165, 1168, 1053, 1055]"
548,"[1527, 1061, 1063, 1064, 1065, 1066, 1097, 1068, 1100, 1530, 1526, 1079, 1080, 1081, 1082, 1531, 1084]"
549,"[1088, 1057, 1058, 1059, 1060, 1062, 1085, 1049, 1115, 1117, 1118]"
550,"[961, 1539, 964, 1481, 1067, 1483, 1069, 1486, 1070, 1484, 1485, 1365, 1366, 1368, 1369, 1370, 1372, 1534]"
551,"[1059, 1061, 1062, 1063, 1064, 1066, 1525, 1526, 1079, 1528, 1049, 1082]"
552,"[1536, 1539, 1063, 1065, 1066, 1067, 1068, 1070, 1079, 1529, 1082, 1531, 1532, 1534]"
553,"[1538, 1539, 1540, 1065, 1067, 1068, 1069, 1070, 1483, 1486, 1099, 1366, 1531, 1533, 1534, 1535]"
554,"[1057, 1058, 1060, 1117]"
555,"[1089, 1090, 1071, 1073, 1074, 1075, 1076, 1078, 1087]"
556,"[1088, 1089, 1090, 160, 1071, 1072, 1073, 1074, 1075, 1076, 182, 1078, 1115, 1085, 1118, 1087]"
557,"[960, 1089, 1090, 1071, 1073, 1074, 1075, 1076, 1077, 1078, 957, 1087]"
558,"[1540, 1063, 1097, 1066, 1083, 1100, 1098, 1099, 1454, 145, 1079, 1081, 1082, 123, 1084]"
559,"[1536, 1082, 1063, 1528, 1066, 1079, 1525, 1527, 1080, 1529, 1530, 1532]"
560,"[1088, 1057, 1090, 1060, 1071, 1074, 1117, 1118, 1115, 1116, 1085, 1086, 1087]"
561,"[1088, 1086, 1115, 1085, 1118]"
562,"[1696, 162, 1091, 1092, 963, 1094, 966, 1093, 1096, 1676, 180, 1718, 1693, 1694, 1695]"
563,"[963, 1093, 966, 1095, 1096]"
564,"[1539, 1540, 1097, 1099, 1100, 1067, 1070, 1081, 1084, 1534]"
565,"[1097, 1098, 1100, 1081, 1084]"
566,"[1101, 1103, 1104, 1105, 1106, 1107, 1108, 1109, 1110, 1111, 1113, 1114, 1119]"
567,"[1114, 1101, 1102, 1103, 1104, 1105, 1106, 1107, 1110, 1111, 1112, 1113, 954, 1022]"
568,"[1101, 1103, 1104, 1105, 1106, 1107, 1110, 1111, 1113, 1114]"
569,"[1103, 1106, 1107, 1108, 1110]"
570,"[1120, 1103, 1106, 1107, 1109, 1110, 120, 1119]"
571,"[1101, 1104, 1111, 1112, 1114]"
572,"[1088, 1115, 1116, 1085, 1118]"
573,"[1121, 1122, 1282, 1124, 1125, 1126, 1128, 1269, 1272]"
574,"[1121, 1122, 1123, 1124, 1797, 1126, 1734, 1292, 237, 240, 1269, 1270, 1271, 1272, 1274, 1021]"
575,"[1121, 1123, 1124, 1797, 1798, 1269, 1272, 186]"
576,"[1025, 1282, 1122, 1028, 1125, 1126, 1127, 1128, 1733, 1130, 1736, 1281]"
577,"[1282, 1026, 1125, 1733, 1127, 1736, 1128, 1130, 1129, 1292, 1734, 1735, 1738, 1271, 1274, 1023]"
578,"[1733, 1127, 1736, 1129, 1130]"
579,"[225, 483, 357, 486, 1131, 1132, 1133, 1134, 368, 1136, 1138, 1137, 1745]"
580,"[1701, 1704, 846, 1265, 1266, 819, 1268, 1267, 822, 1145, 1146, 1148]"
581,"[1701, 1702, 1703, 1704, 840, 826, 1265, 81, 1268, 823, 1145, 1146, 1147, 1148]"
582,"[1152, 1408, 1410, 1154, 1406, 1409, 431, 434, 1151, 1403, 1753, 251, 1756, 1149, 1150, 1407]"
583,"[1153, 1154, 1155, 1156, 1411, 1414, 1415, 1416, 415, 1418, 431, 434, 411, 414, 1151]"
584,"[1760, 1222, 1159, 1160, 1161, 1162, 136, 1164, 1163, 1757]"
585,"[1221, 1222, 1159, 1161, 1162, 299, 1164, 285]"
586,"[1760, 1761, 132, 1159, 1160, 135, 1162, 1194, 1164, 1201, 1757, 1758, 1759]"
587,"[1056, 1482, 1165, 1166, 1263, 1264, 1488, 1168, 143, 1487, 1493, 1496, 124, 1053]"
588,"[1411, 1413, 1414, 1415, 1418, 1169, 1170, 433, 1172, 436, 1171]"
589,"[1169, 1170, 1172, 1413]"
590,"[1376, 1223, 1224, 617, 1226, 618, 620, 1800, 1225, 1228, 1392, 627, 1173, 1175, 1176, 1177, 1178, 1180]"
591,"[318, 1381, 1383, 1384, 1392, 656, 1177, 1179, 1180, 1181, 1182]"
592,"[1378, 1223, 1383, 1226, 1391, 1392, 1394, 1175, 1177, 1178, 1179, 1180, 1182, 1375]"
593,"[1185, 1186, 1193, 1194, 1195, 1198, 1201, 1759, 1183]"
594,"[1184, 1185, 1186, 1187, 1190, 1193, 1195, 1196, 1197, 1198, 60, 1183]"
595,"[64, 1186, 1187, 1188, 1189, 1190, 1195, 1196, 621, 1198, 1207, 1210, 61, 1183]"
596,"[1216, 1187, 1188, 1190, 1196, 1203, 1207, 1208, 1209, 1210, 1213]"
597,"[936, 933, 1192, 1191]"
598,"[1760, 1185, 1160, 1193, 1194, 1201, 1202, 1757, 1759]"
599,"[1186, 1195, 1197, 1198, 1183]"
600,"[1194, 1201, 1202, 1759]"
601,"[1188, 1203, 1204, 1207, 1209, 1210]"
602,"[1209, 1203, 1204]"
603,"[1249, 289, 1252, 1765, 1766, 1768, 297, 1205, 1206, 1247]"
604,"[1216, 1697, 1188, 1700, 1207, 1208, 1210, 1211, 1213, 1214, 1215]"
605,"[1216, 1697, 1698, 323, 1700, 1763, 1699, 1208, 1211, 1212, 1213, 1214]"
606,"[1208, 1216, 1213, 1215]"
607,"[1376, 1225, 1385, 1227, 1228, 1229, 1230, 1388, 1232, 1393, 1396, 1373, 1374]"
608,"[1376, 1378, 1223, 1225, 1226, 1227, 1228, 1230, 1391, 1394, 1175, 1178, 1374, 1375]"
609,"[613, 616, 1385, 1386, 1227, 1388, 1229, 1230, 1231, 1232, 1387, 1390, 1395, 1374]"
610,"[1385, 1388, 1229, 1231, 1232]"
611,"[69, 999, 1351, 1353, 1002, 1354, 1356, 1037, 1355, 1040, 1233, 1234, 1235, 1236, 1621, 1238, 1624, 475]"
612,"[67, 999, 1033, 1002, 1036, 1357, 1358, 1359, 1360, 1648, 1235, 1237, 1238, 1239, 1240, 1242]"
613,"[66, 99, 1357, 1647, 1648, 1360, 1237, 1239, 1240, 1241, 1242]"
614,"[1257, 1258, 1260, 1245, 1246, 127]"
615,"[1249, 1762, 1251, 1252, 1765, 132, 1761, 1768, 135, 1758]"
616,"[736, 1249, 1250, 1251, 1252, 1765, 1762, 1766, 1768, 133, 1767, 1205, 733]"
617,"[1257, 1258, 1259, 1260, 1015, 1018, 1245]"
618,"[1667, 1670, 1291, 1292, 157, 187, 1733, 1734, 1736, 1121, 1124, 1127, 1130, 1269, 1271, 1272, 1273, 1274, 1276]"
619,"[1667, 1668, 1669, 1670, 1734, 217, 1292, 219, 188, 1271, 1273, 1274, 1275, 1276]"
620,"[1280, 1283, 196, 1285, 1286, 199, 1545, 1548, 1549, 1277, 1278, 1279]"
621,"[1280, 1285, 1287, 1543, 1545, 1546, 1547, 1548, 1550, 1654, 1277, 1278]"
622,"[1280, 1283, 1284, 1285, 1286, 1671, 1674, 1547, 1549, 1550, 1654, 1277]"
623,"[1283, 1284, 1286, 1671, 1672, 198, 1674, 1673, 1549, 1655]"
624,"[1543, 1288, 1287, 1546, 1544, 1545, 1548, 216, 1278, 1662]"
625,"[1543, 1288, 1287, 1546, 1653, 1656, 1661, 1662]"
626,"[1289, 1290, 115]"
627,"[967, 970, 330, 1293, 1294, 1295, 1296, 1297, 1298, 1300, 1306]"
628,"[969, 171, 972, 1297, 1299, 1300, 1301, 1302, 1303, 1304, 1306]"
629,"[331, 1293, 333, 1296, 1297, 1298, 1299, 1300, 1302, 1303, 1305, 1306]"
630,"[1664, 1739, 1742, 117, 1309, 1307, 1308, 222, 1310, 1663]"
631,"[1664, 1665, 1737, 1739, 1740, 1741, 1742, 1744, 118, 152, 1307, 1308, 1310]"
632,"[1313, 1314, 1315, 1316, 1317, 1318, 358, 1320, 1319, 1322, 367, 150, 794, 1311]"
633,"[1312, 1313, 1314, 1316, 1317, 1320, 1321, 1322, 1743, 1746, 151, 1311]"
634,"[1312, 1314, 357, 1322, 1132, 1741, 1743, 1744, 1745, 1746, 368, 118, 152, 1311]"
635,"[1313, 1315, 1316, 1317, 1320]"
636,"[1600, 1473, 1602, 1601, 1476, 1323, 1325, 1326, 1327, 785, 1330, 788, 1597, 1599]"
637,"[1323, 1324, 1326, 785, 788]"
638,"[1600, 1602, 1516, 1325, 1327, 1328, 1329, 1330, 787, 1332, 790, 1595, 1597, 1598, 1599]"
639,"[1600, 1327, 1328, 1330, 1597]"
640,"[1344, 360, 1777, 242, 148, 1335, 1336, 1337, 1338, 1340, 1341, 1342, 1343]"
641,"[1344, 361, 363, 1777, 1778, 1779, 374, 1335, 1337, 1338, 1339, 1340, 1341]"
642,"[585, 588, 1363, 1364, 634]"
643,"[1481, 1483, 1484, 1069, 1486, 948, 1365, 1366, 1367, 1368, 1369, 1370, 1371, 1372, 125]"
644,"[1481, 1482, 1483, 1484, 1069, 1486, 1263, 124, 143, 1365, 1366, 1368, 1369, 1370, 1372]"
645,"[1378, 1227, 1387, 1230, 1391, 1390, 1393, 1394, 1395, 1396, 1373, 1374, 1375]"
646,"[1376, 1377, 1378, 319, 1225, 1228, 1391, 1392, 1393, 1394, 1396, 1177, 1180, 1373, 1375]"
647,"[1792, 1379, 1380, 1382, 1799, 649, 316, 665, 1787, 668, 1789, 1790, 1791]"
648,"[320, 1385, 1387, 1388, 1229, 1390, 1389, 1232, 1393, 1395, 1396, 1373]"
649,"[1408, 1152, 1410, 435, 1149, 438, 250, 1403, 1404, 1405, 1406, 1407]"
650,"[1152, 1409, 1410, 383, 410, 274, 252, 1751, 1753, 1754, 1755, 1756, 1149, 1407]"
651,"[1153, 1411, 1412, 1413, 1414, 1415, 1156, 1416, 1418, 1417, 1420, 1169, 851, 1172, 854]"
652,"[1411, 1412, 1414, 1415, 1418]"
653,"[1803, 77, 1421, 1422, 1424, 432, 1423, 52, 409, 412]"
654,"[384, 1427, 1428, 1430, 381]"
655,"[1440, 1441, 1442, 1443, 344, 453, 1446, 456, 1431, 1432, 1433, 1434, 1436, 1437, 1439]"
656,"[1442, 1444, 1445, 1446, 1431, 1433, 1434, 1435, 1436, 1439]"
657,"[1433, 1435, 1436, 1446]"
658,"[1440, 1442, 1443, 1444, 1445, 166, 175, 1431, 1434, 1437, 1438, 1439]"
659,"[1440, 1443, 1444, 1445, 1446, 1433, 1436, 1437]"
660,"[1447, 1448, 1449, 1450, 1452, 1593, 1596]"
661,"[1447, 1448, 1450, 1516, 1591, 1593, 1594, 1595, 1596, 1598, 1471]"
662,"[1447, 1449, 1450, 1451, 1452, 1455, 1458, 791]"
663,"[1472, 1495, 1591, 390, 1451, 1455, 1487, 1457, 1458, 1459, 1460, 1493, 1462, 791, 1496, 1594, 1471]"
664,"[1506, 1507, 1508, 390, 1513, 1459, 1461, 1462, 1463, 1464, 1466, 1503]"
665,"[1508, 1511, 1513, 1514, 1465, 1613, 1616, 1461, 1463, 1464, 985, 1466, 1468]"
666,"[1472, 1495, 1448, 393, 1457, 1460, 1589, 1591, 1592, 1593, 1594, 1596, 1471]"
667,"[1601, 1473, 1474, 1476, 1475, 1602, 803, 1325, 372, 378, 1599]"
668,"[1601, 1473, 1475, 1476]"
669,"[388, 1477, 1478, 1479, 1480, 79, 50]"
670,"[1472, 1505, 1166, 1487, 1264, 1488, 1457, 1491, 1460, 1493, 1494, 1495, 1496]"
671,"[1504, 1505, 1679, 1489, 1490, 1491, 1492, 1814, 1494, 1499, 1501, 1502]"
672,"[1505, 1506, 1507, 1487, 1489, 1491, 1492, 1493, 1494, 1496, 1501, 1503]"
673,"[1677, 142, 1679, 1680, 1489, 1490, 1492, 1813, 1814, 1497, 1500, 1501]"
674,"[1504, 1506, 1507, 1677, 1680, 1489, 1492, 1497, 1499, 1500, 1501, 1502, 1503]"
675,"[1504, 258, 259, 1677, 1678, 1679, 1680, 1490, 1814, 1497, 1498, 1499, 1500, 1502]"
676,"[1504, 1505, 1506, 1507, 1508, 1491, 1461, 1494, 1464, 1499, 1502, 1503]"
677,"[1509, 1510, 1605, 1512, 1608, 1609, 393, 1612, 1585, 1587, 1588, 1589, 1590, 1592]"
678,"[1603, 1605, 1509, 1510, 1512, 1608, 1511, 1514, 391, 1613, 394, 1606, 1616, 1610, 1587, 1590, 1607]"
679,"[1509, 1605, 1511, 1512, 1608, 1514, 1513, 389, 1613, 392, 1614, 1616, 1615, 1463, 1466]"
680,"[1600, 1448, 1515, 1516, 1518, 1327, 1330, 789, 792, 1593, 1595, 1596, 1597, 1598]"
681,"[1515, 1517, 1518, 789, 792]"
682,"[128, 257, 1634, 140, 270, 1519, 1520, 1617, 1522, 1521, 1620, 1524, 1618, 463, 1619, 986, 1631]"
683,"[55, 56, 1349, 72, 74, 1617, 1620, 1629, 1631, 1632, 1633, 1634, 1636, 1769, 1772, 1519, 1521, 1522, 1523, 1524]"
684,"[1061, 1064, 1530, 1525, 1526, 1527, 1528, 1080]"
685,"[1536, 1538, 1065, 1068, 1527, 1080, 1529, 1530, 1531, 1532, 1533, 1535]"
686,"[1536, 1537, 1538, 1539, 1067, 1070, 958, 1529, 955, 1532, 1533, 1534, 1535]"
687,"[163, 1541, 1542, 1675, 1676, 179, 1718, 1695]"
688,"[1283, 1286, 1545, 1547, 1548, 1549, 1550, 1653, 1654, 1656, 1661, 1278]"
689,"[1574, 807, 810, 1579, 779, 1582, 1551, 782, 1553, 1554, 1555, 1556, 1558, 1559, 1560, 1561, 1562, 1564]"
690,"[1573, 775, 1576, 777, 778, 1579, 1580, 780, 1582, 1551, 1552, 1553, 1554, 1581, 1556, 1559, 1562]"
691,"[1568, 769, 802, 1571, 772, 1569, 1572, 364, 1563, 1565, 1566, 1567]"
692,"[802, 1573, 1574, 1576, 1580, 1553, 1556, 1559, 1561, 1562, 1563, 1564, 1566]"
693,"[771, 1573, 1574, 774, 1576, 1575, 1578, 1579, 1580, 1582, 1551, 1554, 1561, 1564]"
694,"[1584, 1583, 1557, 799]"
695,"[386, 387, 1603, 1510, 1607, 1609, 1610, 1611, 1612, 1804, 1585, 1586, 1587, 1588, 1590, 1722]"
696,"[1603, 1604, 1509, 1605, 1607, 1512, 1608, 1610, 1609, 1612, 1585, 1588, 1721, 1724]"
697,"[386, 1603, 1604, 387, 1607, 1610, 1804, 977, 1586, 1721, 1722, 1723, 1724, 1469, 1726]"
698,"[1609, 1611, 1612, 1585, 1588]"
699,"[1511, 1514, 1613, 1615, 1616]"
700,"[1632, 1634, 996, 987, 71, 1769, 1770, 1771, 1772, 1774, 1521, 1524, 57, 1627, 1629, 1630, 1631]"
701,"[192, 1637, 1638, 1639, 1640, 1643, 203, 1644, 1646, 1645, 89]"
702,"[1637, 1638, 1640, 1643, 1646]"
703,"[1641, 1642, 39]"
704,"[1637, 1640, 1643, 1645, 1646]"
705,"[1672, 1288, 1547, 1550, 1653, 1654, 1655, 1656, 1661, 1662]"
706,"[1284, 1671, 1672, 1674, 1653, 1655, 1656, 1661]"
707,"[423, 426, 1657, 1659, 1660]"
708,"[1665, 1666, 1026, 1735, 1737, 1738, 1739, 1740, 1742, 215, 1308, 221, 1023]"
709,"[1667, 1668, 1670, 1273, 1276]"
710,"[1696, 354, 1091, 1542, 1094, 262, 265, 1675, 1676, 1717, 1718, 1693, 1695]"
711,"[1681, 1682, 868, 1684]"
712,"[673, 408, 1751, 396, 1806, 399, 274, 1747, 1749, 405, 1750, 1752, 1689, 1690, 252, 1754]"
713,"[1696, 1091, 1094, 1693, 1694]"
714,"[1697, 1698, 1763, 1700, 1764, 1211, 1214]"
715,"[1697, 1699, 1700, 1211, 1214]"
716,"[1701, 1702, 1704, 1145, 1148]"
717,"[1705, 1706, 213]"
718,"[1708, 1707, 212]"
719,"[208, 1709, 1710]"
720,"[1712, 210, 1711]"
721,"[1720, 310, 1719]"
722,"[1698, 1763, 1764]"
723,"[361, 363, 1778, 1779, 1780]"
